,query_sequence,top_match,e_value,selected_name,mean_value,sd_value,p_value,significant,active,score,protein,tool,condition,name,pdb_file,sequence,seqid,plddt,tm_mean,tm_median,tm_std,rmsd_mean,rmsd_median,rmsd_std,dplddt_mean,dplddt_median,dplddt_std,cluster,sampled,norm,significant_num,flagged
0,psd95pdz3_0,"pdb|6QJI|A Chain A, Disks large homolog 4 [Homo sapiens] >pdb|6QJI|B Chain B, Disks large homolog 4 [Homo sapiens] >pdb|6QJI|C Chain C, Disks large homolog 4 [Homo sapiens] >pdb|6QJI|D Chain D, Disks large homolog 4 [Homo sapiens] >pdb|6QJI|E Chain E, Disks large homolog 4 [Homo sapiens] >pdb|6QJI|F Chain F, Disks large homolog 4 [Homo sapiens] >pdb|6QJJ|A Chain A, Disks large homolog 4 [Homo sapiens]",2.9829099999999996e-49,psd95pdz3_0,1.7691666666666668,0.06874060541872856,0.0005419323400090025,True,True,1.1916087841156249,psd95pdz3,evodiff_seq,constant_residues_5.0,seq_860,/home/bwittmann/GitRepos/MAPR/lab_test/predicted_structures/variants/evodiff_seq;psd95pdz3;constant_residues_5.0;seq_860_model_1_ptm_unrelaxed.pdb,PRRIVLRRGSTGLGFNIVGGEDGEGIFISFILAGGPADLSGELRKGDQILSVNGVDLRNASHEQAAIALKNAGQTVTIIAQYKR,0.9642857142857144,94.94702,0.9973392,0.9973457,0.00012890251,0.36665887,0.3661613,0.009769981,-0.448208,-0.45333862,0.08339352,0.0,True,1.690423298989752,1,True
1,psd95pdz3_1,"pdb|6QJI|A Chain A, Disks large homolog 4 [Homo sapiens] >pdb|6QJI|B Chain B, Disks large homolog 4 [Homo sapiens] >pdb|6QJI|C Chain C, Disks large homolog 4 [Homo sapiens] >pdb|6QJI|D Chain D, Disks large homolog 4 [Homo sapiens] >pdb|6QJI|E Chain E, Disks large homolog 4 [Homo sapiens] >pdb|6QJI|F Chain F, Disks large homolog 4 [Homo sapiens] >pdb|6QJJ|A Chain A, Disks large homolog 4 [Homo sapiens]",2.53661e-48,psd95pdz3_1,1.7714166666666669,0.056585296971327644,0.00032214296616679976,True,True,1.1931242545429035,psd95pdz3,evodiff_seq,constant_residues_5.0,seq_502,/home/bwittmann/GitRepos/MAPR/lab_test/predicted_structures/variants/evodiff_seq;psd95pdz3;constant_residues_5.0;seq_502_model_1_ptm_unrelaxed.pdb,PRRIVLNRGPTGLGFNIVGGEDGEGIFISFILAGGPADLSGELRKGDQILSVNGVDLRNASHEQAAIALKNAGQFVTIIAQYKP,0.9523809523809524,95.47072,0.99978006,0.9997823,2.9257966e-05,0.099086106,0.098765135,0.0064367773,0.075488895,0.07035828,0.08339352,0.0,True,1.6898309801637552,1,True
2,psd95pdz3_2,"pdb|6QJI|A Chain A, Disks large homolog 4 [Homo sapiens] >pdb|6QJI|B Chain B, Disks large homolog 4 [Homo sapiens] >pdb|6QJI|C Chain C, Disks large homolog 4 [Homo sapiens] >pdb|6QJI|D Chain D, Disks large homolog 4 [Homo sapiens] >pdb|6QJI|E Chain E, Disks large homolog 4 [Homo sapiens] >pdb|6QJI|F Chain F, Disks large homolog 4 [Homo sapiens] >pdb|6QJJ|A Chain A, Disks large homolog 4 [Homo sapiens]",6.90427e-47,psd95pdz3_2,1.8477500000000002,0.00565132727772861,6.837690743286159e-33,True,True,1.2445379920016841,psd95pdz3,mpnn,constant_residues_5.0,seq_468,/home/bwittmann/GitRepos/MAPR/lab_test/predicted_structures/variants/mpnn;psd95pdz3;constant_residues_5.0;seq_468_model_1_ptm_unrelaxed.pdb,PRRIVLTRGATGLGFNIVGGEDGEGIFISFILAGGPADLSGELRKGDQILSVNGVDLRNASHEQAAIALKNAGDTVTIIAEHRP,0.9166666666666666,95.166664,0.9993513,0.99934727,0.0001230665,0.17006989,0.17137088,0.016641269,-0.22856537,-0.23369598,0.08339352,0.0,True,1.6664014650645331,1,True
3,psd95pdz3_3,"pdb|6QJI|A Chain A, Disks large homolog 4 [Homo sapiens] >pdb|6QJI|B Chain B, Disks large homolog 4 [Homo sapiens] >pdb|6QJI|C Chain C, Disks large homolog 4 [Homo sapiens] >pdb|6QJI|D Chain D, Disks large homolog 4 [Homo sapiens] >pdb|6QJI|E Chain E, Disks large homolog 4 [Homo sapiens] >pdb|6QJI|F Chain F, Disks large homolog 4 [Homo sapiens] >pdb|6QJJ|A Chain A, Disks large homolog 4 [Homo sapiens]",5.60464e-47,psd95pdz3_3,1.854583333333333,0.0258097203910981,7.390224392161889e-15,True,True,1.2491405318178628,psd95pdz3,mpnn,constant_residues_5.0,seq_567,/home/bwittmann/GitRepos/MAPR/lab_test/predicted_structures/variants/mpnn;psd95pdz3;constant_residues_5.0;seq_567_model_1_ptm_unrelaxed.pdb,PRRIVLTRGATGLGFNIVGGEDGEGIFISFILAGGPADLSGELRKGDQILSVNGVDLRNASHEQAAIALKNAGETVTIIAKHTP,0.9166666666666666,94.821785,0.998327,0.99833345,0.00012669741,0.27887052,0.27854633,0.010832138,-0.57344455,-0.57857513,0.08339352,0.0,True,1.6625681312292624,1,True
4,psd95pdz3_4,"pdb|6QJI|A Chain A, Disks large homolog 4 [Homo sapiens] >pdb|6QJI|B Chain B, Disks large homolog 4 [Homo sapiens] >pdb|6QJI|C Chain C, Disks large homolog 4 [Homo sapiens] >pdb|6QJI|D Chain D, Disks large homolog 4 [Homo sapiens] >pdb|6QJI|E Chain E, Disks large homolog 4 [Homo sapiens] >pdb|6QJI|F Chain F, Disks large homolog 4 [Homo sapiens] >pdb|6QJJ|A Chain A, Disks large homolog 4 [Homo sapiens]",4.63975e-43,psd95pdz3_4,0.31375000000000003,0.018314952907392365,0.007499321399527896,True,True,0.2113239318038308,psd95pdz3,evodiff_msa,constant_residues_5.0,seq_217,/home/bwittmann/GitRepos/MAPR/lab_test/predicted_structures/variants/evodiff_msa;psd95pdz3;constant_residues_5.0;seq_217_model_1_ptm_unrelaxed.pdb,PRRIVLIRGSTGLGFNIVGGEDNEGIFISFILAHGPADLSGELRKGDQILSVNGVDLRNASHEQAAIALKNAGRKVTIIAIRQP,0.8928571428571429,94.96417,0.9949562,0.994951,0.00016792475,0.51918805,0.51970685,0.010107859,-0.43105713,-0.43618774,0.08339352,0.0,True,1.6483302548167769,1,True
5,psd95pdz3_5,"pdb|6QJI|A Chain A, Disks large homolog 4 [Homo sapiens] >pdb|6QJI|B Chain B, Disks large homolog 4 [Homo sapiens] >pdb|6QJI|C Chain C, Disks large homolog 4 [Homo sapiens] >pdb|6QJI|D Chain D, Disks large homolog 4 [Homo sapiens] >pdb|6QJI|E Chain E, Disks large homolog 4 [Homo sapiens] >pdb|6QJI|F Chain F, Disks large homolog 4 [Homo sapiens] >pdb|6QJJ|A Chain A, Disks large homolog 4 [Homo sapiens]",1.22724e-44,psd95pdz3_5,0.5422,0.025031480179965402,2.4554754459575624e-07,True,True,0.36519469585350456,psd95pdz3,evodiff_msa,constant_residues_5.0,seq_316,/home/bwittmann/GitRepos/MAPR/lab_test/predicted_structures/variants/evodiff_msa;psd95pdz3;constant_residues_5.0;seq_316_model_1_ptm_unrelaxed.pdb,PRRIVLERGKTGLGFNIVGGEDAEGIFISFILASGPADLSGELRKGDQILSVNGVDLRNASHEQAAIALKNAGNTVTIIARREP,0.8928571428571429,94.567024,0.9924263,0.992419,0.00019027232,0.6506641,0.65122473,0.009736114,-0.8282053,-0.8333359,0.08339352,0.0,True,1.6429923800967394,1,True
6,psd95pdz3_6,"pdb|8AH4|A Chain A, cDNA FLJ50577, highly similar to Discs large homolog 4 [Homo sapiens] >pdb|8AH4|B Chain B, cDNA FLJ50577, highly similar to Discs large homolog 4 [Homo sapiens] >pdb|8AH4|C Chain C, cDNA FLJ50577, highly similar to Discs large homolog 4 [Homo sapiens] >pdb|8AH4|D Chain D, cDNA FLJ50577, highly similar to Discs large homolog 4 [Homo sapiens] >pdb|8AH4|E Chain E, cDNA FLJ50577, highly similar to Discs large homolog 4 [Homo sapiens] >pdb|8AH4|F Chain F, cDNA FLJ50577, highly similar to Discs large homolog 4 [Homo sapiens] >pdb|8AH5|A Chain A, cDNA FLJ50577, highly similar to Discs large homolog 4 [Homo sapiens] >pdb|8AH6|A Chain A, cDNA FLJ50577, highly similar to Discs large homolog 4 [Homo sapiens] >pdb|8AH6|B Chain B, cDNA FLJ50577, highly similar to Discs large homolog 4 [Homo sapiens] >pdb|8AH7|A Chain A, cDNA FLJ50577, highly similar to Discs large homolog 4 [Homo sapiens]",4.33163e-44,psd95pdz3_6,1.7400625,0.02527711003391539,1.6250071378766518e-08,True,True,1.1720058934961062,psd95pdz3,evodiff_msa,constant_residues_5.0,seq_147,/home/bwittmann/GitRepos/MAPR/lab_test/predicted_structures/variants/evodiff_msa;psd95pdz3;constant_residues_5.0;seq_147_model_1_ptm_unrelaxed.pdb,PRRIVLKRGDTGLGFNIVGGEDREGIFISFILAGGPADLSGELRKGDQILSVNGVDLRNASHEQAAIALKNAGGSVTIIARRRP,0.8928571428571429,94.17631,0.9970979,0.9970995,0.00014844774,0.37567443,0.37596565,0.01039441,-1.2189218,-1.2240524,0.08339352,0.0,True,1.6424952818278065,1,True
7,psd95pdz3_7,"pdb|6QJI|A Chain A, Disks large homolog 4 [Homo sapiens] >pdb|6QJI|B Chain B, Disks large homolog 4 [Homo sapiens] >pdb|6QJI|C Chain C, Disks large homolog 4 [Homo sapiens] >pdb|6QJI|D Chain D, Disks large homolog 4 [Homo sapiens] >pdb|6QJI|E Chain E, Disks large homolog 4 [Homo sapiens] >pdb|6QJI|F Chain F, Disks large homolog 4 [Homo sapiens] >pdb|6QJJ|A Chain A, Disks large homolog 4 [Homo sapiens]",2.34969e-43,psd95pdz3_7,0.25375,0.015229494410518046,0.3475791054150435,False,False,0.17091138707640496,psd95pdz3,evodiff_msa,constant_residues_5.0,seq_989,/home/bwittmann/GitRepos/MAPR/lab_test/predicted_structures/variants/evodiff_msa;psd95pdz3;constant_residues_5.0;seq_989_model_1_ptm_unrelaxed.pdb,PRRIVVKRGHTGLGFNIVGGEDSEGIFISFILAKGPADLSGELRKGDQILSVNGVDLRNASHEQAAIALKNAGGEVTIIAQRAP,0.8928571428571429,94.090485,0.99619025,0.9961941,0.00012179666,0.45394272,0.4541723,0.00856292,-1.3047448,-1.3098755,0.08339352,0.0,True,1.6411066693593994,0,True
8,psd95pdz3_8,"pdb|8AH4|A Chain A, cDNA FLJ50577, highly similar to Discs large homolog 4 [Homo sapiens] >pdb|8AH4|B Chain B, cDNA FLJ50577, highly similar to Discs large homolog 4 [Homo sapiens] >pdb|8AH4|C Chain C, cDNA FLJ50577, highly similar to Discs large homolog 4 [Homo sapiens] >pdb|8AH4|D Chain D, cDNA FLJ50577, highly similar to Discs large homolog 4 [Homo sapiens] >pdb|8AH4|E Chain E, cDNA FLJ50577, highly similar to Discs large homolog 4 [Homo sapiens] >pdb|8AH4|F Chain F, cDNA FLJ50577, highly similar to Discs large homolog 4 [Homo sapiens] >pdb|8AH5|A Chain A, cDNA FLJ50577, highly similar to Discs large homolog 4 [Homo sapiens] >pdb|8AH6|A Chain A, cDNA FLJ50577, highly similar to Discs large homolog 4 [Homo sapiens] >pdb|8AH6|B Chain B, cDNA FLJ50577, highly similar to Discs large homolog 4 [Homo sapiens] >pdb|8AH7|A Chain A, cDNA FLJ50577, highly similar to Discs large homolog 4 [Homo sapiens]",8.444949999999999e-45,psd95pdz3_8,1.0130000000000001,0.05208856640377045,1.8239554831090858e-06,True,True,0.6822984634813725,psd95pdz3,evodiff_msa,constant_residues_5.0,seq_608,/home/bwittmann/GitRepos/MAPR/lab_test/predicted_structures/variants/evodiff_msa;psd95pdz3;constant_residues_5.0;seq_608_model_1_ptm_unrelaxed.pdb,PRRIVLRRGDTGLGFNIVGGEDGEGIFISFILAGGPADLSGELRKGDQILSVNGVDLRNASHEQAAIALKNAKATVTIIARRNP,0.9047619047619048,93.29179,0.99319017,0.99318826,0.00016310252,0.6071627,0.607679,0.009145135,-2.1034434,-2.108574,0.08339352,0.0,True,1.6385315313250934,1,True
9,psd95pdz3_9,"pdb|6QJI|A Chain A, Disks large homolog 4 [Homo sapiens] >pdb|6QJI|B Chain B, Disks large homolog 4 [Homo sapiens] >pdb|6QJI|C Chain C, Disks large homolog 4 [Homo sapiens] >pdb|6QJI|D Chain D, Disks large homolog 4 [Homo sapiens] >pdb|6QJI|E Chain E, Disks large homolog 4 [Homo sapiens] >pdb|6QJI|F Chain F, Disks large homolog 4 [Homo sapiens] >pdb|6QJJ|A Chain A, Disks large homolog 4 [Homo sapiens]",5.46993e-43,psd95pdz3_9,1.1974,0.05123676658416295,6.266680077556149e-07,True,True,0.8064996842769944,psd95pdz3,evodiff_msa,constant_residues_5.0,seq_87,/home/bwittmann/GitRepos/MAPR/lab_test/predicted_structures/variants/evodiff_msa;psd95pdz3;constant_residues_5.0;seq_87_model_1_ptm_unrelaxed.pdb,PRRIVVKRGKTGLGFNIVGGEDEEGIFISFILANGPADLSGELRKGDQILSVNGVDLRNASHEQAAIALKNAGDEVTIIALRRP,0.8809523809523809,94.20345,0.99631613,0.99630964,0.00014102536,0.43155563,0.43221128,0.009685032,-1.1917764,-1.196907,0.08339352,0.0,True,1.63562668698788,1,True
10,psd95pdz3_10,"pdb|6QJD|A Chain A, Disks large homolog 4 [Homo sapiens] >pdb|6QJD|B Chain B, Disks large homolog 4 [Homo sapiens] >pdb|6QJD|C Chain C, Disks large homolog 4 [Homo sapiens] >pdb|6QJD|D Chain D, Disks large homolog 4 [Homo sapiens]",4.67001e-41,psd95pdz3_10,0.15441666666666667,0.014769760774411117,0.0009450705245535021,True,False,0.10400617413877782,psd95pdz3,evodiff_seq,constant_residues_2.5,seq_868,/home/bwittmann/GitRepos/MAPR/lab_test/predicted_structures/variants/evodiff_seq;psd95pdz3;constant_residues_2.5;seq_868_model_1_ptm_unrelaxed.pdb,PRRIVLKKGPGGLGFNIVGGEDGEGIFISFILAGGPADRIGELRRGDQILSVNGRDLREASHEQAAIALKRAGQTVTIIAQYKN,0.8571428571428571,94.55856,0.99608946,0.99609286,0.0001495709,0.4497757,0.45035434,0.009882581,-0.8366663,-0.8417969,0.08339352,6.0,True,1.6257668652791928,1,True
11,psd95pdz3_11,"pdb|6QJK|A Chain A, Disks large homolog 4 [Homo sapiens]",2.42696e-35,psd95pdz3_11,1.9045999999999998,0.03596725941742016,2.016943666614248e-09,True,True,1.2828288781309198,psd95pdz3,mpnn,constant_residues_2.5,seq_818,/home/bwittmann/GitRepos/MAPR/lab_test/predicted_structures/variants/mpnn;psd95pdz3;constant_residues_2.5;seq_818_model_1_ptm_unrelaxed.pdb,PRTVTLTRGADGLGFNIVGGEGGTGIFISFILPGGPADLSGELRVGDQILSVNGVDLRNASHEQAAIALKTAGETVTIIVEHKP,0.8095238095238095,95.31606,0.99924624,0.99925375,5.229668e-05,0.18386035,0.1830619,0.0063548135,-0.07916656,-0.08429718,0.08339352,6.0,True,1.6099095671814008,1,True
12,psd95pdz3_12,"pdb|6QJK|A Chain A, Disks large homolog 4 [Homo sapiens]",2.42696e-35,psd95pdz3_12,1.8461666666666667,0.012109741257901985,4.4647605803198303e-11,True,True,1.2434715498491546,psd95pdz3,mpnn,constant_residues_2.5,seq_994,/home/bwittmann/GitRepos/MAPR/lab_test/predicted_structures/variants/mpnn;psd95pdz3;constant_residues_2.5;seq_994_model_1_ptm_unrelaxed.pdb,PRTVTLKRGPYGLGFNIVGGEGGTGIFISFILPGGPADLSGELRVGDQILSVNGVDLRNASHEQAAIALKNAGETVTIIAERRP,0.8214285714285714,94.835236,0.9967707,0.99677026,0.00014801847,0.39975986,0.40023345,0.010310042,-0.5599939,-0.5651245,0.08339352,6.0,True,1.6098447280243997,1,True
13,psd95pdz3_13,"pdb|6QJK|A Chain A, Disks large homolog 4 [Homo sapiens]",3.52154e-36,psd95pdz3_13,1.8610833333333332,0.0037610946987989527,1.5656073835753225e-43,True,True,1.2535185574966674,psd95pdz3,mpnn,constant_residues_2.5,seq_655,/home/bwittmann/GitRepos/MAPR/lab_test/predicted_structures/variants/mpnn;psd95pdz3;constant_residues_2.5;seq_655_model_1_ptm_unrelaxed.pdb,PRTVTLTRGEYGLGFNIVGGEGDKGIFISFILPGGPADLSGELRVGDQILSVNGVDLRNASHEQAAIALKNAGETVTIIVQHKP,0.8214285714285714,94.65595,0.99677354,0.9967747,5.7442296e-05,0.40341797,0.40319544,0.0034142889,-0.73927706,-0.74440765,0.08339352,6.0,True,1.6081538829693278,1,True
14,psd95pdz3_14,"pdb|6QJK|A Chain A, Disks large homolog 4 [Homo sapiens]",9.45e-36,psd95pdz3_14,1.869,,,False,False,1.258850768259314,psd95pdz3,mpnn,constant_residues_2.5,seq_282,/home/bwittmann/GitRepos/MAPR/lab_test/predicted_structures/variants/mpnn;psd95pdz3;constant_residues_2.5;seq_282_model_1_ptm_unrelaxed.pdb,PRTVTLTRGEYGLGFNIVGGEGDTGIFISFILPGGPADLSGELRVGDQILSVNGVDLRNASHEQAAIALKNAGETVTIIVEHKP,0.8095238095238095,95.070114,0.9982138,0.9982182,5.969629e-05,0.29619285,0.29593283,0.0045297425,-0.32511535,-0.33024597,0.08339352,6.0,True,1.606867677778545,0,True
15,psd95pdz3_15,"pdb|6QJK|A Chain A, Disks large homolog 4 [Homo sapiens]",8.38055e-35,psd95pdz3_15,1.899708333333333,0.030334146051383525,3.413718934428038e-13,True,True,1.2795341331649477,psd95pdz3,mpnn,constant_residues_2.5,seq_608,/home/bwittmann/GitRepos/MAPR/lab_test/predicted_structures/variants/mpnn;psd95pdz3;constant_residues_2.5;seq_608_model_1_ptm_unrelaxed.pdb,PRTVTLTRGADGLGFNIVGGEGGTGIFISFILPGGPADLSGELRVGDQILSVNGVDLRNASHEQAAIALKTAGETVTIIVEHRP,0.7976190476190477,95.22679,0.9993416,0.9993464,3.5452136e-05,0.17177205,0.17121206,0.0045849923,-0.1684381,-0.17356873,0.08339352,6.0,True,1.6030235460211113,1,True
16,psd95pdz3_16,"pdb|6QJK|A Chain A, Disks large homolog 4 [Homo sapiens]",8.38055e-35,psd95pdz3_16,1.9056250000000001,0.03185742979798173,1.374722568781645e-07,True,True,1.2835192591033469,psd95pdz3,mpnn,constant_residues_2.5,seq_504,/home/bwittmann/GitRepos/MAPR/lab_test/predicted_structures/variants/mpnn;psd95pdz3;constant_residues_2.5;seq_504_model_1_ptm_unrelaxed.pdb,PRTVTLTRGPVGLGFNIVGGEGDTGIFISFILPGGPADLSGELRVGDQILSVNGVDLRNASHEQAAIALKTAGDTVTIIVEHKP,0.7976190476190477,95.32119,0.99799347,0.99798787,0.000112201,0.3119772,0.31206828,0.008124736,-0.07403961,-0.07917023,0.08339352,6.0,True,1.603007322736943,1,True
17,psd95pdz3_17,"pdb|6QJD|A Chain A, Disks large homolog 4 [Homo sapiens] >pdb|6QJD|B Chain B, Disks large homolog 4 [Homo sapiens] >pdb|6QJD|C Chain C, Disks large homolog 4 [Homo sapiens] >pdb|6QJD|D Chain D, Disks large homolog 4 [Homo sapiens]",1.23102e-38,psd95pdz3_17,0.87195,0.09549286622570301,0.00010214069128828995,True,True,0.5872953062513155,psd95pdz3,evodiff_seq,constant_residues_2.5,seq_446,/home/bwittmann/GitRepos/MAPR/lab_test/predicted_structures/variants/evodiff_seq;psd95pdz3;constant_residues_2.5;seq_446_model_1_ptm_unrelaxed.pdb,PRTIILTKGPTGLGFNIVGGEDGEGIFISFILPGGPADQCNELRRGDQILSVNGVDLREASHEQAAIALKGAGGEVTIIAQYKK,0.8095238095238095,93.28107,0.9971204,0.9971195,0.00015074825,0.375887,0.37651485,0.01061581,-2.1141627,-2.1192932,0.08339352,6.0,True,1.5892763295279666,1,True
18,psd95pdz3_18,"pdb|6QJI|A Chain A, Disks large homolog 4 [Homo sapiens] >pdb|6QJI|B Chain B, Disks large homolog 4 [Homo sapiens] >pdb|6QJI|C Chain C, Disks large homolog 4 [Homo sapiens] >pdb|6QJI|D Chain D, Disks large homolog 4 [Homo sapiens] >pdb|6QJI|E Chain E, Disks large homolog 4 [Homo sapiens] >pdb|6QJI|F Chain F, Disks large homolog 4 [Homo sapiens] >pdb|6QJJ|A Chain A, Disks large homolog 4 [Homo sapiens]",4.5183799999999994e-39,psd95pdz3_18,0.38775,,,False,False,0.26116607030098926,psd95pdz3,evodiff_seq,constant_residues_2.5,seq_139,/home/bwittmann/GitRepos/MAPR/lab_test/predicted_structures/variants/evodiff_seq;psd95pdz3;constant_residues_2.5;seq_139_model_1_ptm_unrelaxed.pdb,PRVAVLKRGDSGLGFNIVGGEDGEGIFISFILAGGPADLDGELRRGDQILSVNGIDLRGVSHEQAAIALKAVSDPITIIAQYKP,0.7976190476190477,93.180115,0.98981005,0.9898082,0.0001321741,0.72803557,0.728075,0.004448068,-2.2151148,-2.2202454,0.08339352,6.0,True,1.577127594576241,0,True
19,psd95pdz3_19,"pdb|6QJD|A Chain A, Disks large homolog 4 [Homo sapiens] >pdb|6QJD|B Chain B, Disks large homolog 4 [Homo sapiens] >pdb|6QJD|C Chain C, Disks large homolog 4 [Homo sapiens] >pdb|6QJD|D Chain D, Disks large homolog 4 [Homo sapiens]",7.000230000000001e-34,psd95pdz3_19,0.12225,,,False,False,0.08234055988213008,psd95pdz3,evodiff_seq,constant_residues_2.5,seq_509,/home/bwittmann/GitRepos/MAPR/lab_test/predicted_structures/variants/evodiff_seq;psd95pdz3;constant_residues_2.5;seq_509_model_1_ptm_unrelaxed.pdb,PRRIELTKGSSGLGFNIVGGEDGNGIFISFILTGGPADISDELRRHDQILSVNYEDLRAASHEQAAIALKKSQGTVTIIAQRSK,0.75,92.92202,0.9899599,0.98996836,0.0001774023,0.7388442,0.7391945,0.008324294,-2.4732096,-2.4783401,0.08339352,6.0,True,1.5506625253127306,0,True
20,psd95pdz3_20,"pdb|6QJI|A Chain A, Disks large homolog 4 [Homo sapiens] >pdb|6QJI|B Chain B, Disks large homolog 4 [Homo sapiens] >pdb|6QJI|C Chain C, Disks large homolog 4 [Homo sapiens] >pdb|6QJI|D Chain D, Disks large homolog 4 [Homo sapiens] >pdb|6QJI|E Chain E, Disks large homolog 4 [Homo sapiens] >pdb|6QJI|F Chain F, Disks large homolog 4 [Homo sapiens] >pdb|6QJJ|A Chain A, Disks large homolog 4 [Homo sapiens]",4.48528e-35,psd95pdz3_20,0.12525,,,False,False,0.08436118711850137,psd95pdz3,evodiff_msa,constant_residues_2.5,seq_626,/home/bwittmann/GitRepos/MAPR/lab_test/predicted_structures/variants/evodiff_msa;psd95pdz3;constant_residues_2.5;seq_626_model_1_ptm_unrelaxed.pdb,RQIVTLKKGDQGLGFNIVGGEDSEGIFISFILKGGPADRSGELRENDQILSVNGIDLRNLSHEQAAIALKESKETATIIVQYRP,0.7142857142857143,93.39618,0.99415773,0.99415916,0.00013096292,0.52591044,0.525916,0.006014831,-1.9990503,-2.004181,0.08339352,4.0,True,1.5408177949093802,0,True
21,psd95pdz3_21,"pdb|2HE2|A Chain A, Discs large homolog 2 [Homo sapiens] >pdb|2HE2|B Chain B, Discs large homolog 2 [Homo sapiens]",2.2761500000000002e-34,psd95pdz3_21,1.6875,,,False,False,1.1366028204588507,psd95pdz3,evodiff_msa,constant_residues_2.5,seq_207,/home/bwittmann/GitRepos/MAPR/lab_test/predicted_structures/variants/evodiff_msa;psd95pdz3;constant_residues_2.5;seq_207_model_1_ptm_unrelaxed.pdb,PRQVILKKPPKGLGFNIVGGENTEGIFISFILPGGPADQSGELRVGDQILSVNGADLRGASHEQAAIALKGSGSEVTIIVRRKP,0.7261904761904762,93.13261,0.98333406,0.9833336,0.00032038148,0.94462985,0.9446429,0.0104307635,-2.262623,-2.2677536,0.08339352,4.0,True,1.53638598728305,0,True
22,psd95pdz3_22,"pdb|6QJK|A Chain A, Disks large homolog 4 [Homo sapiens]",3.7390900000000003e-26,psd95pdz3_22,1.89725,,,False,False,1.2778783414018102,psd95pdz3,mpnn,constant_residues_0.0,seq_570,/home/bwittmann/GitRepos/MAPR/lab_test/predicted_structures/variants/mpnn;psd95pdz3;constant_residues_0.0;seq_570_model_1_ptm_unrelaxed.pdb,PRTVTLTRGADGLGFTIVGGSGGTPIVISHILPGGPADKSGQLRVGDVILSVNGVDLRNATHAQAAAALASAGETVTIVVEHRP,0.6428571428571429,95.38321,0.9978445,0.99784935,0.00013198526,0.31301585,0.31287336,0.0098135155,-0.012020264,-0.017150879,0.08339352,8.0,True,1.5306455516604978,0,True
23,psd95pdz3_23,"pdb|6QJK|A Chain A, Disks large homolog 4 [Homo sapiens]",7.471449999999999e-27,psd95pdz3_23,1.8698333333333335,0.013503086067019353,9.803555050833495e-10,True,True,1.2594120536027504,psd95pdz3,mpnn,constant_residues_0.0,seq_882,/home/bwittmann/GitRepos/MAPR/lab_test/predicted_structures/variants/mpnn;psd95pdz3;constant_residues_0.0;seq_882_model_1_ptm_unrelaxed.pdb,PRTVTLTRGADGLGFTIVGGEGDTGIYISHILPGGPADLSGQLHVGDEILSVNGVDLRNATHEEAAAALATAGETVTIVVKRTP,0.6547619047619048,94.92761,0.9930005,0.99299955,0.0001669272,0.6177833,0.61839783,0.009524293,-0.46761718,-0.4727478,0.08339352,8.0,True,1.5278133201263904,1,True
24,psd95pdz3_24,"pdb|6QJK|A Chain A, Disks large homolog 4 [Homo sapiens]",4.87355e-27,psd95pdz3_24,1.6635,,,False,False,1.1204378025678805,psd95pdz3,mpnn,constant_residues_0.0,seq_72,/home/bwittmann/GitRepos/MAPR/lab_test/predicted_structures/variants/mpnn;psd95pdz3;constant_residues_0.0;seq_72_model_1_ptm_unrelaxed.pdb,PRTVTLTRGADGLGFTIVGGSGGTGIFISSILPGGPADLSGQLHVGDEILSVNGVDLRNATHAEAAAALASAGETVTIVVRHTP,0.6547619047619048,94.179886,0.9972806,0.997278,0.00012817861,0.360834,0.3608991,0.009422501,-1.2153436,-1.2204742,0.08339352,4.0,True,1.5234446886882445,0,True
25,psd95pdz3_25,"pdb|6QJK|A Chain A, Disks large homolog 4 [Homo sapiens]",6.69385e-23,psd95pdz3_25,1.5492499999999998,,,False,False,1.0434855819827404,psd95pdz3,mpnn,unrestricted,seq_699,/home/bwittmann/GitRepos/MAPR/lab_test/predicted_structures/variants/mpnn;psd95pdz3;unrestricted;seq_699_model_1_ptm_unrelaxed.pdb,PRTVTLTRGEHGLGFTISGGSGGEPIRISHILPGGPADLSGKLRVGDVILSVNGVDLRNATLDEALAALANAGETVTLVVEHQP,0.6190476190476191,95.32845,0.9972715,0.9972672,0.00012917543,0.35160065,0.35201746,0.00848841,-0.066776425,-0.07190704,0.08339352,8.0,True,1.519595627136783,0,True
26,psd95pdz3_26,gb|KAH9383335.1| hypothetical protein HPB48_024550 [Haemaphysalis longicornis],4.1591e-26,psd95pdz3_26,1.60375,,,False,False,1.0801936434434856,psd95pdz3,mpnn,unrestricted,seq_558,/home/bwittmann/GitRepos/MAPR/lab_test/predicted_structures/variants/mpnn;psd95pdz3;unrestricted;seq_558_model_1_ptm_unrelaxed.pdb,PRTVTLTRGPLGLGFTISGGSGGTPIRISSILPGGPADLSGQLRVGDVILSVNGVDLRNATLAQAEAALAAAGETVTLVVEHRP,0.6071428571428571,95.572136,0.99665755,0.99666214,0.00014130847,0.38959685,0.38925818,0.008405193,0.17690644,0.17177582,0.08339352,8.0,True,1.5166977890479096,0,True
27,psd95pdz3_27,"pdb|6QJK|A Chain A, Disks large homolog 4 [Homo sapiens]",4.74852e-22,psd95pdz3_27,1.5075,,,False,False,1.0153651862765734,psd95pdz3,mpnn,unrestricted,seq_987,/home/bwittmann/GitRepos/MAPR/lab_test/predicted_structures/variants/mpnn;psd95pdz3;unrestricted;seq_987_model_1_ptm_unrelaxed.pdb,PRLVTLTRGADGLGFTITGGSGDEPIRISHILPGGPADLSGQLHVGDVILSVNGVDLRNATLEQAQAALATAGDTVTLVVERRP,0.6071428571428571,95.11595,0.9936975,0.993693,0.00017729776,0.5542776,0.5544026,0.00863535,-0.27927795,-0.28440857,0.08339352,8.0,True,1.5099434571315242,0,True
28,psd95pdz3_28,"pdb|6QJI|A Chain A, Disks large homolog 4 [Homo sapiens] >pdb|6QJI|B Chain B, Disks large homolog 4 [Homo sapiens] >pdb|6QJI|C Chain C, Disks large homolog 4 [Homo sapiens] >pdb|6QJI|D Chain D, Disks large homolog 4 [Homo sapiens] >pdb|6QJI|E Chain E, Disks large homolog 4 [Homo sapiens] >pdb|6QJI|F Chain F, Disks large homolog 4 [Homo sapiens] >pdb|6QJJ|A Chain A, Disks large homolog 4 [Homo sapiens]",2.7312500000000002e-28,psd95pdz3_28,0.12075,,,False,False,0.08133024626394443,psd95pdz3,evodiff_msa,constant_residues_2.5,seq_880,/home/bwittmann/GitRepos/MAPR/lab_test/predicted_structures/variants/evodiff_msa;psd95pdz3;constant_residues_2.5;seq_880_model_1_ptm_unrelaxed.pdb,PKTVTLIRSENGLGFNIVGGENEAGIFISFILANSPADRDKELRPGDQILSVNNKDLRDMSHEQAAIALKSAGNLVTIILLRRP,0.6547619047619048,93.70107,0.9810497,0.9810593,0.00025213853,1.033797,1.0332658,0.008750911,-1.6941568,-1.6992874,0.08339352,4.0,True,1.5071286966856468,0,True
29,psd95pdz3_29,"gb|KFV53693.1| Disks large 4, partial [Gavia stellata]",1.3202900000000002e-29,psd95pdz3_29,0.1285,,,False,False,0.08655019995790361,psd95pdz3,evodiff_seq,constant_residues_0.0,seq_376,/home/bwittmann/GitRepos/MAPR/lab_test/predicted_structures/variants/evodiff_seq;psd95pdz3;constant_residues_0.0;seq_376_model_1_ptm_unrelaxed.pdb,PRRVVIKKTSQGLGFNIVGGKDGLGIFISTILSNGPAAKDGELQKGDVIKSVNGIDLRSASHEDAAAALKQAGPLVTISAQRAK,0.6785714285714286,91.78404,0.99077827,0.9907837,0.0002045594,0.68319964,0.68324935,0.008428412,-3.6111872,-3.6163177,0.08339352,4.0,True,1.5061954007661114,0,True
30,psd95pdz3_30,"pdb|6QJK|A Chain A, Disks large homolog 4 [Homo sapiens]",1.06396e-23,psd95pdz3_30,1.5606875,0.027373477887668304,7.329953269335155e-08,True,True,1.051189223321406,psd95pdz3,mpnn,unrestricted,seq_274,/home/bwittmann/GitRepos/MAPR/lab_test/predicted_structures/variants/mpnn;psd95pdz3;unrestricted;seq_274_model_1_ptm_unrelaxed.pdb,PRTVTLTRGADGLGFTISGGSGGTGIYISSILPGGPADLSGKLAVGDEILSVNGVDLRNATLAQAETALANAGATVTLVVRHTP,0.6190476190476191,93.83714,0.99738574,0.997391,0.00011579661,0.34779185,0.34772882,0.00822735,-1.5580865,-1.5632172,0.08339352,8.0,True,1.5047365560844312,1,True
31,psd95pdz3_31,"pdb|6QJK|A Chain A, Disks large homolog 4 [Homo sapiens]",1.4347600000000001e-19,psd95pdz3_31,1.71625,,,False,False,1.155967164807409,psd95pdz3,mpnn,unrestricted,seq_301,/home/bwittmann/GitRepos/MAPR/lab_test/predicted_structures/variants/mpnn;psd95pdz3;unrestricted;seq_301_model_1_ptm_unrelaxed.pdb,PRTVTLTRGADGLGFTISGGSGGEPIRISDILPGGPADASGQLHVGDVILSVNGVDLRNATLAEAEAALASAGATVTLVVRHEP,0.5833333333333334,95.20608,0.9965328,0.99653757,0.00016018462,0.3992791,0.39896178,0.009660402,-0.18915191,-0.19428253,0.08339352,8.0,True,1.5032717490992291,0,True
32,psd95pdz3_32,"pdb|8AH4|A Chain A, cDNA FLJ50577, highly similar to Discs large homolog 4 [Homo sapiens] >pdb|8AH4|B Chain B, cDNA FLJ50577, highly similar to Discs large homolog 4 [Homo sapiens] >pdb|8AH4|C Chain C, cDNA FLJ50577, highly similar to Discs large homolog 4 [Homo sapiens] >pdb|8AH4|D Chain D, cDNA FLJ50577, highly similar to Discs large homolog 4 [Homo sapiens] >pdb|8AH4|E Chain E, cDNA FLJ50577, highly similar to Discs large homolog 4 [Homo sapiens] >pdb|8AH4|F Chain F, cDNA FLJ50577, highly similar to Discs large homolog 4 [Homo sapiens] >pdb|8AH5|A Chain A, cDNA FLJ50577, highly similar to Discs large homolog 4 [Homo sapiens] >pdb|8AH6|A Chain A, cDNA FLJ50577, highly similar to Discs large homolog 4 [Homo sapiens] >pdb|8AH6|B Chain B, cDNA FLJ50577, highly similar to Discs large homolog 4 [Homo sapiens] >pdb|8AH7|A Chain A, cDNA FLJ50577, highly similar to Discs large homolog 4 [Homo sapiens]",2.5676500000000004e-29,psd95pdz3_32,0.1102499999999999,,,False,False,0.07425805093664485,psd95pdz3,evodiff_msa,constant_residues_2.5,seq_979,/home/bwittmann/GitRepos/MAPR/lab_test/predicted_structures/variants/evodiff_msa;psd95pdz3;constant_residues_2.5;seq_979_model_1_ptm_unrelaxed.pdb,PRSVNVLRYPNGLGFNIVGGENPKGIFISFILINGPADNSKELRVNDQILSVNNEDLRNHSHEQAAIALKNSQNTITIITRREP,0.6666666666666666,92.583336,0.9810843,0.9811158,0.0003337185,1.0184313,1.0179002,0.010244149,-2.8118932,-2.8170242,0.08339352,4.0,True,1.5015248347092152,0,True
33,psd95pdz3_33,gb|NXB94462.1| DLG4 protein [Vidua chalybeata],1.09645e-29,psd95pdz3_33,0.1175,,,False,False,0.0791412334245422,psd95pdz3,evodiff_msa,constant_residues_2.5,seq_479,/home/bwittmann/GitRepos/MAPR/lab_test/predicted_structures/variants/evodiff_msa;psd95pdz3;constant_residues_2.5;seq_479_model_1_ptm_unrelaxed.pdb,PRTVSTTKTAGGLGFNIVGGEDDQGIFISFILRSGPADRSHELREGDQILSVNGIDLRGISHEQAAIALKQHGNNATIIIRREP,0.6666666666666666,91.96452,0.98364836,0.9836385,0.00026399238,0.9734868,0.97364163,0.010152231,-3.4307063,-3.4358368,0.08339352,4.0,True,1.4973501976127508,0,False
34,psd95pdz3_34,"pdb|6QJK|A Chain A, Disks large homolog 4 [Homo sapiens]",2.61792e-21,psd95pdz3_34,1.565392857142857,0.0311852185681431,6.05335558039169e-15,True,True,1.0543584809213098,psd95pdz3,mpnn,unrestricted,seq_893,/home/bwittmann/GitRepos/MAPR/lab_test/predicted_structures/variants/mpnn;psd95pdz3;unrestricted;seq_893_model_1_ptm_unrelaxed.pdb,PRTVTLTRGEDGWGFTISGGSGGTGIRISSILPGGPADLSGQLHVGDEILSVNGVDLRNATLAQAEAALATAGETVTLVVRHTP,0.5952380952380952,94.08429,0.99552625,0.99551284,0.00017140941,0.4525189,0.4531703,0.008930454,-1.3109399,-1.3160706,0.08339352,8.0,True,1.4959869186375652,1,True
35,psd95pdz3_35,gb|NXB73144.1| DLG2 protein [Donacobius atricapilla],1.16803e-26,psd95pdz3_35,0.27275,,,False,False,0.18370869290675648,psd95pdz3,evodiff_seq,constant_residues_0.0,seq_120,/home/bwittmann/GitRepos/MAPR/lab_test/predicted_structures/variants/evodiff_seq;psd95pdz3;constant_residues_0.0;seq_120_model_1_ptm_unrelaxed.pdb,PRTVTIEKGSSGLGFNIVGGEDGEGIFISEIIANGSAALDGRLQQNDLILSVNDTNLRGMIHEQAASELKTLNKNIKIIAQFRK,0.5833333333333334,93.51785,0.9845434,0.9845351,0.00020747556,0.87611663,0.87664735,0.0062321913,-1.8773767,-1.8825073,0.08339352,8.0,True,1.477463358779311,0,False
36,psd95pdz3_36,"pdb|6QJK|A Chain A, Disks large homolog 4 [Homo sapiens]",5.97544e-22,psd95pdz3_36,1.6694642857142858,0.02608097509497607,1.1728188302679012e-17,True,True,1.124455001954476,psd95pdz3,mpnn,unrestricted,seq_903,/home/bwittmann/GitRepos/MAPR/lab_test/predicted_structures/variants/mpnn;psd95pdz3;unrestricted;seq_903_model_1_ptm_unrelaxed.pdb,PRTVTLTRGALGLGFTITGGYGDTGIYISSILPGGPADLSGQLHVGDRILSVNGVDLRNATLAQAEAAIATAGDTVTLVVERTP,0.5833333333333334,93.72989,0.9770357,0.97703576,0.0001974133,1.1618388,1.161931,0.00522179,-1.6653405,-1.6704712,0.08339352,8.0,True,1.4741560722458695,1,True
37,psd95pdz3_37,gb|NXB94462.1| DLG4 protein [Vidua chalybeata],3.54302e-27,psd95pdz3_37,0.1277499999999999,,,False,False,0.0860450431488107,psd95pdz3,evodiff_msa,constant_residues_2.5,seq_577,/home/bwittmann/GitRepos/MAPR/lab_test/predicted_structures/variants/evodiff_msa;psd95pdz3;constant_residues_2.5;seq_577_model_1_ptm_unrelaxed.pdb,PRVLVAKKTDQGLGFNIVGGESERGIFISFILRYGPADRTHELRVGDQILSVNGIDLRGQSHEQAAIALKSATHEPTIIVERVP,0.6547619047619048,90.23702,0.98145163,0.9814737,0.00029086374,0.9721608,0.9713437,0.00860702,-5.158207,-5.1633377,0.08339352,4.0,True,1.4737550923364042,0,False
38,psd95pdz3_38,gb|MEQ2182244.1| Disks large 4 [Goodea atripinnis],6.619369999999999e-27,psd95pdz3_38,0.1185,,,False,False,0.07981477583666596,psd95pdz3,evodiff_seq,constant_residues_0.0,seq_633,/home/bwittmann/GitRepos/MAPR/lab_test/predicted_structures/variants/evodiff_seq;psd95pdz3;constant_residues_0.0;seq_633_model_1_ptm_unrelaxed.pdb,SRRICIVRTSSGLGFNIVGGEDDRGIFISDILAGGVAELSNELRMGDRILSVNGTDLSGATHENAAALLKTPRGIVTIVGQRLA,0.6428571428571429,90.3706,0.9800611,0.9800613,0.0002362578,1.0506808,1.0508074,0.0073536346,-5.0246315,-5.0297623,0.08339352,4.0,True,1.4686418561812884,0,False
39,psd95pdz3_39,"pdb|8AH4|A Chain A, cDNA FLJ50577, highly similar to Discs large homolog 4 [Homo sapiens] >pdb|8AH4|B Chain B, cDNA FLJ50577, highly similar to Discs large homolog 4 [Homo sapiens] >pdb|8AH4|C Chain C, cDNA FLJ50577, highly similar to Discs large homolog 4 [Homo sapiens] >pdb|8AH4|D Chain D, cDNA FLJ50577, highly similar to Discs large homolog 4 [Homo sapiens] >pdb|8AH4|E Chain E, cDNA FLJ50577, highly similar to Discs large homolog 4 [Homo sapiens] >pdb|8AH4|F Chain F, cDNA FLJ50577, highly similar to Discs large homolog 4 [Homo sapiens] >pdb|8AH5|A Chain A, cDNA FLJ50577, highly similar to Discs large homolog 4 [Homo sapiens] >pdb|8AH6|A Chain A, cDNA FLJ50577, highly similar to Discs large homolog 4 [Homo sapiens] >pdb|8AH6|B Chain B, cDNA FLJ50577, highly similar to Discs large homolog 4 [Homo sapiens] >pdb|8AH7|A Chain A, cDNA FLJ50577, highly similar to Discs large homolog 4 [Homo sapiens]",5.0109e-25,psd95pdz3_39,0.11875,,,False,False,0.0799831614396969,psd95pdz3,evodiff_msa,constant_residues_2.5,seq_941,/home/bwittmann/GitRepos/MAPR/lab_test/predicted_structures/variants/evodiff_msa;psd95pdz3;constant_residues_2.5;seq_941_model_1_ptm_unrelaxed.pdb,PRIAENEKRNFGLGFNIVGGENDYGIFISFILKDTPADKKGELREGDQILSVNNIDLRDISHEQAAIALKKLNGKVTIIVKRTP,0.6309523809523809,90.05739,0.98003495,0.98005,0.00027176866,1.0181197,1.0178217,0.008720345,-5.337842,-5.342972,0.08339352,4.0,True,1.4603179484557385,0,True
40,psd95pdz3_40,"gb|TRZ00889.1| hypothetical protein DNTS_002691, partial [Danionella cerebrum]",8.84053e-21,psd95pdz3_40,0.3055,,,False,False,0.20576720690380973,psd95pdz3,evodiff_msa,constant_residues_0.0,seq_949,/home/bwittmann/GitRepos/MAPR/lab_test/predicted_structures/variants/evodiff_msa;psd95pdz3;constant_residues_0.0;seq_949_model_1_ptm_unrelaxed.pdb,PRHVTLHKNSAGLGFSIVGGQDTRSIFISRISSGGTAGNCDRLREGDQILKVNGTGLQGTTHAEAADMLKSCGEQISITVRRRP,0.4761904761904761,92.61405,0.9767189,0.9767295,0.00020511616,1.1329466,1.133155,0.007071129,-2.7811773,-2.7863083,0.08339352,2.0,True,1.4223854880931457,0,True
41,psd95pdz3_41,gb|NXS13312.1| DLG3 protein [Neodrepanis coruscans] >gb|NXY25428.1| DLG3 protein [Atrichornis clamosus],5.04635e-22,psd95pdz3_41,0.2195,,,False,False,0.1478425594611661,psd95pdz3,evodiff_msa,constant_residues_0.0,seq_791,/home/bwittmann/GitRepos/MAPR/lab_test/predicted_structures/variants/evodiff_msa;psd95pdz3;constant_residues_0.0;seq_791_model_1_ptm_unrelaxed.pdb,PRTICLQKDAEPLGFKIVGGTDGLGIYITKILQNGPADISSRLMEGDRILEVNGENLRNMTHSEAAQILKNPPAVATIVVQRDP,0.5119047619047619,90.7838,0.9714342,0.97143483,0.00025063794,1.2258073,1.2258818,0.006862745,-4.611431,-4.616562,0.08339352,2.0,True,1.4125592968986973,0,False
42,psd95pdz3_42,gb|KAG8137043.1| hypothetical protein E2320_005588 [Naja naja],3.00901e-14,psd95pdz3_42,0.11875,,,False,False,0.0799831614396969,psd95pdz3,evodiff_msa,constant_residues_0.0,seq_109,/home/bwittmann/GitRepos/MAPR/lab_test/predicted_structures/variants/evodiff_msa;psd95pdz3;constant_residues_0.0;seq_109_model_1_ptm_unrelaxed.pdb,ARTVVIIKKDQNLGFSIVGGENKAGIFIASIRQNGPAELYKKLLVGDRITAVNNEKLMGLTHKQAASLLGSCKSLCTILVQLDP,0.4285714285714285,92.32298,0.98161453,0.9816406,0.00024555015,1.0101929,1.0094316,0.009002905,-3.0722468,-3.0773773,0.08339352,2.0,True,1.4074853024357823,0,True
43,psd95pdz3_43,ref|XP_013187268.1| disks large 1 tumor suppressor protein isoform X4 [Amyelois transitella],2.31957e-16,psd95pdz3_43,0.1466666666666666,0.016735690405039506,0.0017126648173100216,True,False,0.0987862204448186,psd95pdz3,evodiff_msa,constant_residues_0.0,seq_658,/home/bwittmann/GitRepos/MAPR/lab_test/predicted_structures/variants/evodiff_msa;psd95pdz3;constant_residues_0.0;seq_658_model_1_ptm_unrelaxed.pdb,SLTCYVKKNAKGLGFMIVGGEDTEGIYIRRIAPGGPAEKNNALREGDKIIVVNNQDLDQATHNEAARLLSAYNEEVKIEILRKP,0.4404761904761904,92.76322,0.969059,0.96907556,0.0003110421,1.3647631,1.3640804,0.0088997735,-2.6320078,-2.6371384,0.08339352,2.0,True,1.406328694457143,1,True
44,psd95pdz3_44,ref|XP_030757886.1| disks large 1 tumor suppressor protein isoform X8 [Sitophilus oryzae],2.59112e-16,psd95pdz3_44,0.1188333333333333,0.006751543033509746,5.560962328830276e-11,True,False,0.08003928997404054,psd95pdz3,evodiff_msa,constant_residues_0.0,seq_733,/home/bwittmann/GitRepos/MAPR/lab_test/predicted_structures/variants/evodiff_msa;psd95pdz3;constant_residues_0.0;seq_733_model_1_ptm_unrelaxed.pdb,PRTIDLEVEGEGLGFKIVGGNNDHAILIYYIAAGGVADIQNRLKPGDRIIAVNNVRLCEISHKEAAQLLKSSKKTAAIIIQYDP,0.4642857142857143,90.29666,0.97850966,0.97852564,0.00032039726,1.0327917,1.0328362,0.00894335,-5.098568,-5.1036987,0.08339352,2.0,True,1.396070989744455,1,True
45,psd95pdz3_45,"ref|XP_009047620.1| hypothetical protein LOTGIDRAFT_59096, partial [Lottia gigantea] >gb|ESP01730.1| hypothetical protein LOTGIDRAFT_59096, partial [Lottia gigantea]",5.49699e-11,psd95pdz3_45,0.13458333333333333,0.011198028100220735,1.8222764546119213e-05,True,False,0.09064758296498983,psd95pdz3,evodiff_msa,constant_residues_0.0,seq_137,/home/bwittmann/GitRepos/MAPR/lab_test/predicted_structures/variants/evodiff_msa;psd95pdz3;constant_residues_0.0;seq_137_model_1_ptm_unrelaxed.pdb,PKILNIVNPDTSLGFTIVGGHHGNEILIAEIEPNGPANFCKFLKFGHEILEVNSSDLNKQPHAIAANVLRSANDLVEITVQRKS,0.4047619047619047,91.115585,0.9733498,0.97336495,0.00031091183,1.250677,1.2501044,0.010402006,-4.279644,-4.284775,0.08339352,2.0,True,1.3813877567973,1,True
46,psd95pdz3_46,"gb|KFV53693.1| Disks large 4, partial [Gavia stellata]",2.12167e-13,psd95pdz3_46,0.18416666666666667,0.010750968948580101,0.00036080475891254343,True,False,0.12404406089945977,psd95pdz3,evodiff_msa,constant_residues_0.0,seq_634,/home/bwittmann/GitRepos/MAPR/lab_test/predicted_structures/variants/evodiff_msa;psd95pdz3;constant_residues_0.0;seq_634_model_1_ptm_unrelaxed.pdb,PRIQHLRNSRAGLGFSIVGGSNGDGIFIEQIAPDSPADKSHSLRKGDRIISVDGQQLLGLTHALAANLLKQSVKTLEITVERDP,0.4523809523809524,89.11667,0.976156,0.9761816,0.00025647736,1.147774,1.1474328,0.008069348,-6.2785606,-6.2836914,0.08339352,2.0,True,1.3784031486491326,1,True
47,psd95pdz3_47,ref|XP_044762455.1| disks large 1 tumor suppressor protein isoform X7 [Coccinella septempunctata],2.44147e-08,psd95pdz3_47,0.11441666666666661,0.003467107343785836,1.7136783096972508e-17,True,False,0.07706447765382723,psd95pdz3,evodiff_msa,unrestricted,seq_628,/home/bwittmann/GitRepos/MAPR/lab_test/predicted_structures/variants/evodiff_msa;psd95pdz3;unrestricted;seq_628_model_1_ptm_unrelaxed.pdb,PKTVVVYKGREPLSVEIVDLNSGTGVFISQVFVSAPASRCGKLEEGDEIISIGAHNCREAMLTEILDAIAKSGNKITLIILRRP,0.3095238095238095,94.262024,0.9557466,0.95574784,0.00033505954,1.6391098,1.6394472,0.006989047,-1.1332055,-1.1383362,0.08339352,7.0,True,1.3761649725827574,1,True
48,psd95pdz3_48,gb|NXM01890.1| DLG4 protein [Tyrannus savana] >gb|NXM24701.1| DLG4 protein [Oxyruncus cristatus],3.71713e-15,psd95pdz3_48,0.12708333333333327,0.006022527155051613,5.213528267098316e-12,True,False,0.08559601487406156,psd95pdz3,evodiff_msa,constant_residues_0.0,seq_267,/home/bwittmann/GitRepos/MAPR/lab_test/predicted_structures/variants/evodiff_msa;psd95pdz3;constant_residues_0.0;seq_267_model_1_ptm_unrelaxed.pdb,PRRVELTAGEKGLGFSIVGGIESEPILIAAIVPGGPADRSKSLHADHTIIQVDGLNLKSLTHETAAKVLRDQCLKAEIIVKYDP,0.4285714285714285,89.207504,0.98148227,0.98148596,0.00024049032,0.95696837,0.95675576,0.006590302,-6.187726,-6.192856,0.08339352,2.0,True,1.375644459441062,1,False
49,psd95pdz3_49,ref|XP_022242878.1| disks large homolog 1-like isoform X8 [Limulus polyphemus],3.61763e-12,psd95pdz3_49,0.10516666666666663,0.004041451884327429,1.7652526586863854e-17,True,False,0.07083421034168243,psd95pdz3,evodiff_msa,constant_residues_0.0,seq_978,/home/bwittmann/GitRepos/MAPR/lab_test/predicted_structures/variants/evodiff_msa;psd95pdz3;constant_residues_0.0;seq_978_model_1_ptm_unrelaxed.pdb,PRMATLLRGERELGFAIVGGVEGEGIFIARIVPEGAASKCARLQIGDEIQAVAGVRLAGRTHAAAAAMLTEPGDMVRIRVRRRP,0.4285714285714285,90.21131,0.9676939,0.9676999,0.00024636625,1.3427054,1.3427105,0.006739044,-5.183918,-5.189049,0.08339352,2.0,True,1.375131007281541,1,True
50,psd95pdz3_50,ref|XP_065575668.1| disks large 1 tumor suppressor protein-like isoform X9 [Artemia franciscana],7.27675e-12,psd95pdz3_50,0.12625,0.007128288714691633,5.879538223152085e-10,True,False,0.08503472953062513,psd95pdz3,evodiff_msa,unrestricted,seq_202,/home/bwittmann/GitRepos/MAPR/lab_test/predicted_structures/variants/evodiff_msa;psd95pdz3;unrestricted;seq_202_model_1_ptm_unrelaxed.pdb,PRRVRLVKGSRALGFGLADDTEDWGVIVEKIHPGGAAERCGRLQEDDQIVAINGQDVRGCLARSVVSILKSAAGEVSILVVNRP,0.3333333333333333,91.94381,0.9524791,0.95249045,0.00032023902,1.6619724,1.6619134,0.0058767246,-3.4514196,-3.4565506,0.08339352,7.0,True,1.3543347576614362,1,False
51,psd95pdz3_51,"pdb|6QJK|A Chain A, Disks large homolog 4 [Homo sapiens]",7.02233e-07,psd95pdz3_51,0.22283333333333336,0.04175623705907099,0.5004641809116691,False,False,0.15008770083491196,psd95pdz3,evodiff_msa,unrestricted,seq_517,/home/bwittmann/GitRepos/MAPR/lab_test/predicted_structures/variants/evodiff_msa;psd95pdz3;unrestricted;seq_517_model_1_ptm_unrelaxed.pdb,PNEVIMKTTGHPFGISFKGGSGDAGVFIKNIYAGGIASKTKKLKEGDLVLQINNVNIRNHSHDEAVLMIKEAGDSVFLECEKKP,0.3452380952380952,89.869644,0.96199125,0.96202135,0.00025286138,1.4557211,1.4552255,0.006687449,-5.525586,-5.530716,0.08339352,7.0,True,1.3428992593986926,0,True
52,psd95pdz3_52,"gb|KAL2301983.1| hypothetical protein Nmel_011385, partial [Mimus melanotis]",2.07374e-12,psd95pdz3_52,0.2001666666666667,0.004193248541803029,4.230817412548751e-07,True,False,0.13482073949344,psd95pdz3,evodiff_msa,constant_residues_0.0,seq_106,/home/bwittmann/GitRepos/MAPR/lab_test/predicted_structures/variants/evodiff_msa;psd95pdz3;constant_residues_0.0;seq_106_model_1_ptm_unrelaxed.pdb,PKTVTVIDNFADLGFTIVGGQGDTPILITKIQPNGIAEEAGKLLIGDQIISVNGENLTGATHAQAAALLRKEHPEVVITIQRDN,0.3928571428571428,88.16178,0.9585266,0.95852244,0.00031782003,1.619801,1.6200101,0.009335599,-7.2334485,-7.238579,0.08339352,2.0,True,1.3361240009003692,1,True
53,psd95pdz3_53,ref|XP_033835444.1| tyrosine-protein phosphatase non-receptor type 13 [Periophthalmus magnuspinnatus],1.10584e-09,psd95pdz3_53,0.25816666666666666,0.03571530950913533,0.5337756568741212,False,False,0.17388619939661826,psd95pdz3,evodiff_msa,unrestricted,seq_380,/home/bwittmann/GitRepos/MAPR/lab_test/predicted_structures/variants/evodiff_msa;psd95pdz3;unrestricted;seq_380_model_1_ptm_unrelaxed.pdb,PERAEIAKVSGSLGVVIKKNLACKGCFIHSVIPGSPAESTGEILIGDRILEVNDMDVKGMSKQEIIDLIKKCENTLAIEVQRDP,0.3333333333333333,90.131676,0.9524376,0.9524525,0.00031003202,1.6863977,1.6861732,0.007041837,-5.2635536,-5.2686844,0.08339352,7.0,True,1.3351048310456737,0,True
54,psd95pdz3_54,gb|KAJ8023385.1| Protein lin-7-like B [Holothuria leucospilota],4.50549e-12,psd95pdz3_54,0.5285,0.025980361172752518,1.3926178822777283e-10,True,True,0.355967164807409,psd95pdz3,evodiff_msa,unrestricted,seq_116,/home/bwittmann/GitRepos/MAPR/lab_test/predicted_structures/variants/evodiff_msa;psd95pdz3;unrestricted;seq_116_model_1_ptm_unrelaxed.pdb,PQTVSLNRNDTGLGLSVYARKNGAEIYVDEVFDNSEAARQNDLKPGHEILEINNLDVEGQTHAQLVDLIKQAGDNVKLVIRRTP,0.2619047619047619,89.833694,0.96914023,0.96912456,0.00021569841,1.3009355,1.301378,0.0053884685,-5.561536,-5.5666656,0.08339352,7.0,True,1.3287618874842428,1,True
55,psd95pdz3_55,emb|CAH1245870.1| DLG1 [Branchiostoma lanceolatum],0.0139592,psd95pdz3_55,0.10241666666666664,0.00790701165632969,1.448607128865399e-09,True,False,0.06898196870834208,psd95pdz3,evodiff_msa,unrestricted,seq_750,/home/bwittmann/GitRepos/MAPR/lab_test/predicted_structures/variants/evodiff_msa;psd95pdz3;unrestricted;seq_750_model_1_ptm_unrelaxed.pdb,PRTVTLVMREGPLGIHLLSDDTTKGVYVERVTAGGIASLERLLTEDDVLLRINCVDILGMTHDEVIGTIKTLGDRITLIIRKAP,0.2619047619047619,90.50548,0.95807004,0.9580585,0.00020935977,1.5070385,1.5074548,0.004323401,-4.8897514,-4.894882,0.08339352,7.0,True,1.3270991001494004,1,True
56,psd95pdz3_56,ref|XP_033115095.1| multiple PDZ domain protein-like isoform X6 [Anneissia japonica],7.54635e-07,psd95pdz3_56,0.12625,,,False,False,0.08503472953062513,psd95pdz3,evodiff_msa,unrestricted,seq_942,/home/bwittmann/GitRepos/MAPR/lab_test/predicted_structures/variants/evodiff_msa;psd95pdz3;unrestricted;seq_942_model_1_ptm_unrelaxed.pdb,PRSVLVLKPDGSLGIQLLTGTNGAGVLIQDVTARSPAAKDGIVKPGDQILKINNLPVASATAADVLTIAVRSAHSVEFLITPAP,0.25,90.03453,0.94877267,0.948778,0.0002941389,1.6732957,1.6733687,0.0059850756,-5.3606997,-5.3658295,0.08339352,7.0,True,1.3124056545366765,0,True
57,psd95pdz3_57,"emb|CAF96151.1| unnamed protein product, partial [Tetraodon nigroviridis]",3.54506e-11,psd95pdz3_57,0.21558333333333335,0.055700276779683366,0.4901625846297962,False,False,0.14520451834701467,psd95pdz3,evodiff_msa,constant_residues_0.0,seq_54,/home/bwittmann/GitRepos/MAPR/lab_test/predicted_structures/variants/evodiff_msa;psd95pdz3;constant_residues_0.0;seq_54_model_1_ptm_unrelaxed.pdb,PETVTSCADKTDLGFTIVGGPNRHAIYINQIRPIGPAASCKALHVGDRIMEVNGQNLISACHEEAAAMLRQGAEVAKILVVRAP,0.369047619047619,84.72096,0.95809656,0.9581208,0.00039864457,1.6146841,1.6146113,0.0113357315,-10.674268,-10.679398,0.08339352,7.0,True,1.294519808966154,0,True
58,psd95pdz3_58,ref|XP_034386756.1| Na(+)/H(+) exchange regulatory cofactor NHE-RF2 isoform X4 [Cyclopterus lumpus],5.03007e-06,psd95pdz3_58,0.6265416666666667,0.03496262885806311,8.207036280533215e-08,True,True,0.42200238546270963,psd95pdz3,evodiff_msa,unrestricted,seq_624,/home/bwittmann/GitRepos/MAPR/lab_test/predicted_structures/variants/evodiff_msa;psd95pdz3;unrestricted;seq_624_model_1_ptm_unrelaxed.pdb,PRVCMIANDEAGFGFSIHGGPNNGVVSIVGVDEHSLTSEHNDLREGDRLIDINGAVVDNLRREEALDVIEHRAPTLVLTVERSP,0.25,86.02083,0.9704441,0.970458,0.00021030952,1.2865136,1.2869415,0.0067909393,-9.374402,-9.379532,0.08339352,7.0,True,1.2882310626925808,1,True
59,psd95pdz3_59,ref|XP_065663661.1| tyrosine-protein phosphatase non-receptor type 13 isoform X3 [Hydra vulgaris],0.0150043,psd95pdz3_59,0.2288333333333333,0.003785938897200249,0.030945689295222557,True,False,0.15412895530765452,psd95pdz3,evodiff_msa,unrestricted,seq_764,/home/bwittmann/GitRepos/MAPR/lab_test/predicted_structures/variants/evodiff_msa;psd95pdz3;unrestricted;seq_764_model_1_ptm_unrelaxed.pdb,PHFIELKKKPNAIGMLLNGPNDSAAVFIQNIIEGGHVETSRTLDVGDSILQINGQRLALEDAHTTLMIASANDTSAVFRIENQP,0.238095238095238,85.69928,0.9405112,0.9405109,0.00040318465,1.8183905,1.818685,0.009107745,-9.69595,-9.70108,0.08339352,7.0,True,1.258160169546548,1,False
60,psd95pdz3_60,ref|XP_066993616.2| glutamate receptor-interacting protein 1 isoform X3 [Anabrus simplex],8.22192e-05,psd95pdz3_60,0.154,0.011056672193748,4.713952058408327e-05,True,False,0.10372553146705957,psd95pdz3,evodiff_msa,unrestricted,seq_862,/home/bwittmann/GitRepos/MAPR/lab_test/predicted_structures/variants/evodiff_msa;psd95pdz3;unrestricted;seq_862_model_1_ptm_unrelaxed.pdb,PQNVFCDRDSGGFGFAFAGGAETAPVYLASIRDNGNSDARRIVRPGDRLVTINGSSLKNMTIYDVESVLSRAFFPSKLCILTEP,0.25,83.5531,0.95738935,0.9574026,0.0001832004,1.5825325,1.5823227,0.004495042,-11.842129,-11.8472595,0.08339352,3.0,True,1.2528606479118778,1,True
61,psd95pdz3_61,ref|XP_023311090.1| disks large 1 tumor suppressor protein isoform X7 [Anoplophora glabripennis],0.000110196,psd95pdz3_61,0.11716666666666666,0.0069477214490315685,1.1046465590906864e-10,True,False,0.0789167192871676,psd95pdz3,evodiff_msa,unrestricted,seq_41,/home/bwittmann/GitRepos/MAPR/lab_test/predicted_structures/variants/evodiff_msa;psd95pdz3;unrestricted;seq_41_model_1_ptm_unrelaxed.pdb,VQKFVLQKGPYGLGIGIARNVEGHALHITALEDHGAAEERGKIRIGDIIVTVKGEATINYSHSSLAKPLRNTGDTFHVTFIRKP,0.3214285714285714,78.1625,0.952283,0.9522748,0.0002328255,1.7119675,1.7122858,0.005198675,-17.23273,-17.237862,0.08339352,3.0,True,1.2145995817288855,1,True
62,psd95pdz3_62,emb|CAD5116542.1| DgyrCDS5421 [Dimorphilus gyrociliatus],0.0056914,psd95pdz3_62,0.2793333333333334,0.019255410495061732,0.05704653698800844,False,True,0.18814284711990462,psd95pdz3,evodiff_msa,unrestricted,seq_724,/home/bwittmann/GitRepos/MAPR/lab_test/predicted_structures/variants/evodiff_msa;psd95pdz3;unrestricted;seq_724_model_1_ptm_unrelaxed.pdb,PKQVILRKRDDDLNLIISSGDVNEGVYIKNINRKDITECCGLINQGDTLTKTNGTDLRNKTISEMKDILEKADNEVVITVFNYP,0.2619047619047619,80.71893,0.93823427,0.93826157,0.0002911612,1.9273236,1.9267967,0.005382888,-14.676296,-14.681427,0.08339352,3.0,True,1.2118168907008902,0,True
63,psd95pdz3_63,emb|CAG5111368.1| Oidioi.mRNA.OKI2018_I69.chr2.g5684.t1.cds [Oikopleura dioica],0.234753,psd95pdz3_63,0.3149375,0.012527261938135874,1.2504580267847672e-05,True,True,0.21212376341822775,psd95pdz3,evodiff_msa,unrestricted,seq_647,/home/bwittmann/GitRepos/MAPR/lab_test/predicted_structures/variants/evodiff_msa;psd95pdz3;unrestricted;seq_647_model_1_ptm_unrelaxed.pdb,PRVVIKSKGVDDIGLNIGESSQGKVVNVTNIMKNGIAQQAGKIREGDDVIRVNNAHIERDNISSVLQSIRAVKKRVLLEIRPKP,0.2261904761904762,82.48619,0.91624856,0.9162374,0.00024356846,2.2637138,2.263866,0.0037626117,-12.909039,-12.914169,0.08339352,3.0,True,1.2034166668896114,1,True
64,psd95pdz3_64,gb|KAG9259924.1| multiple PDZ domain protein-like [Astyanax mexicanus],0.000337858,psd95pdz3_64,0.14783333333333326,0.013323694432601408,0.00028379898635145053,True,False,0.09957201992562965,psd95pdz3,evodiff_msa,unrestricted,seq_895,/home/bwittmann/GitRepos/MAPR/lab_test/predicted_structures/variants/evodiff_msa;psd95pdz3;unrestricted;seq_895_model_1_ptm_unrelaxed.pdb,PQHVELENAGRGVGVLLKSGIEPKGTWLYEVFEEGAAAKDGALKAGDAVLRFDELPIGGKAFEQLRAEVQTEGLSVVFYLLREP,0.2023809523809523,82.258575,0.9070192,0.9070039,0.00036831343,2.4122534,2.4124765,0.0073014926,-13.136654,-13.141785,0.08339352,3.0,True,1.189133316062623,1,True
65,psd95pdz3_65,emb|CAH3146052.1| unnamed protein product [Porites evermanni],4.35179e-05,psd95pdz3_65,0.13241666666666668,0.0020966242709015226,2.5728191571127226e-16,True,False,0.08918824107205502,psd95pdz3,evodiff_msa,unrestricted,seq_734,/home/bwittmann/GitRepos/MAPR/lab_test/predicted_structures/variants/evodiff_msa;psd95pdz3;unrestricted;seq_734_model_1_ptm_unrelaxed.pdb,PYSLQLANGAPQRFSTLLGGVGEHGVFIREVMFGTRAERELLIQKGDSILEVNNVKVQGMSLQQVTKLIRKVLKTVELYLNFSP,0.2619047619047619,77.40667,0.9091712,0.9091476,0.00024297886,2.4234612,2.4237995,0.0044708312,-17.98856,-17.99369,0.08339352,3.0,True,1.1558876201211914,1,True
66,psd95pdz3_66,emb|CAD2166676.1| unnamed protein product [Meloidogyne enterolobii],0.000134098,psd95pdz3_66,0.37206249999999996,0.03499784219538876,0.0030185665639104304,True,True,0.2505998737107977,psd95pdz3,evodiff_msa,unrestricted,seq_705,/home/bwittmann/GitRepos/MAPR/lab_test/predicted_structures/variants/evodiff_msa;psd95pdz3;unrestricted;seq_705_model_1_ptm_unrelaxed.pdb,PRSLTLEHDGDGLGFRIAKSKADVGVVLTSVSPGSGSSKVGNLKKGDRLLRIEAQNLSNGVWGSHTVVSGPSQTQLRLLVKYDP,0.2261904761904762,76.95453,0.9142541,0.9142554,0.00017247049,2.492723,2.4927812,0.0030675724,-18.4407,-18.445831,0.08339352,3.0,True,1.1482960911459923,1,True
67,psd95pdz3_67,"ref|XP_048879408.1| membrane-associated guanylate kinase, WW and PDZ domain-containing protein 3-like isoform X5 [Brienomyrus brachyistius]",2.7087e-12,psd95pdz3_67,0.11108333333333333,0.008460693430998038,1.7093063804533933e-08,True,False,0.07481933628008139,psd95pdz3,evodiff_msa,unrestricted,seq_941,/home/bwittmann/GitRepos/MAPR/lab_test/predicted_structures/variants/evodiff_msa;psd95pdz3;unrestricted;seq_941_model_1_ptm_unrelaxed.pdb,PRTITLYAGPRGFDFTLVGGPSSTIVSAVRLAEDVPAKLNGNLHAGDQILQINGQNVLGCTHAEIVTLIREHSRPVTIVVSRTP,0.3095238095238095,74.77988,0.90388507,0.9038601,0.0002955424,2.3784535,2.3788228,0.0044396296,-20.615355,-20.620483,0.08339352,3.0,True,1.1396262785897822,1,True
68,psd95pdz3_68,ref|XP_055618023.1| disks large 1 tumor suppressor protein isoform X7 [Toxorhynchites rutilus septentrionalis],1.57263e-06,psd95pdz3_68,0.453125,0.01612819735742345,1.876092264467131e-12,True,True,0.3051989054935803,psd95pdz3,evodiff_msa,unrestricted,seq_213,/home/bwittmann/GitRepos/MAPR/lab_test/predicted_structures/variants/evodiff_msa;psd95pdz3;unrestricted;seq_213_model_1_ptm_unrelaxed.pdb,PRTIVLQKGTDGLGFKLNGRLDPEVSLGRSDDDDVVGENDKKLTAGNELVSIDGISISGMNLDEAITALKQANTTVTLTVRQQP,0.2976190476190476,73.41809,0.9194524,0.91945255,0.00020968083,2.1843472,2.1842623,0.00358443,-21.977139,-21.98227,0.08339352,3.0,True,1.1380185341815392,1,True
69,psd95pdz3_69,,,psd95pdz3_69,0.12933333333333333,0.006751543033509704,1.786215955942131e-10,True,False,0.08711148530134007,psd95pdz3,evodiff_msa,unrestricted,seq_749,/home/bwittmann/GitRepos/MAPR/lab_test/predicted_structures/variants/evodiff_msa;psd95pdz3;unrestricted;seq_749_model_1_ptm_unrelaxed.pdb,PKMLVKIKPTSPLGVILADGEGETGVVIHDIAALDRRFSFAIAKEQDNIVAILGESLLGMTTEEISQLLKAHSKEIYLNLTYDP,0.2261904761904762,68.45321,0.8951869,0.895167,0.0002802043,2.5065126,2.5067825,0.004459755,-26.942019,-26.947151,0.08339352,3.0,True,1.0575967890516382,1,False
70,psd95pdz3_70,,,psd95pdz3_70,1.014125,0.02698784448599033,7.98647262632811e-12,True,True,0.6830561986950116,psd95pdz3,evodiff_seq,unrestricted,seq_145,/home/bwittmann/GitRepos/MAPR/lab_test/predicted_structures/variants/evodiff_seq;psd95pdz3;unrestricted;seq_145_model_1_ptm_unrelaxed.pdb,MKIKILEDNFLKTHIENCYAQLPYDPYDNKEMKYYQDKYKKIMKEKQDAAEAERKQRLDKTKKLAKEAQEKSKKQKQSQNRPFH,0.0238095238095238,78.359634,0.18180531,0.18180004,0.00014436446,25.374302,25.374207,0.0038363822,-17.035595,-17.040726,0.08339352,5.0,True,0.6978043068867501,1,False
71,psd95pdz3_71,,,psd95pdz3_71,0.27341666666666664,0.013680125486753887,0.02912887121267155,True,True,0.18415772118150564,psd95pdz3,evodiff_seq,unrestricted,seq_354,/home/bwittmann/GitRepos/MAPR/lab_test/predicted_structures/variants/evodiff_seq;psd95pdz3;unrestricted;seq_354_model_1_ptm_unrelaxed.pdb,EIHGYQLMELEHKAREVFDVALKEVSSSFRKNLKNLSEEVVSIVDEHLSEGRITSATCLVGDCCELKLTDALDNQTIKFTVQGF,0.0119047619047619,76.790955,0.17532364,0.17532763,0.00014102647,22.37131,22.37102,0.00399029,-18.604275,-18.609406,0.08339352,5.0,True,0.6716674617766168,1,False
72,psd95pdz3_72,gb|MBI4827283.1| PAS domain S-box protein [Nitrospinota bacterium],0.072808,psd95pdz3_72,0.1640833333333333,0.004140752749601566,4.42664752635502e-12,True,False,0.11051708412264083,psd95pdz3,evodiff_seq,unrestricted,seq_135,/home/bwittmann/GitRepos/MAPR/lab_test/predicted_structures/variants/evodiff_seq;psd95pdz3;unrestricted;seq_135_model_1_ptm_unrelaxed.pdb,MVGKKVLVVEDDEKDQSLTREYLEKNFPEAEVKVISAKYQSVFESMQRLEDLFHEFKKRNLEIQQFERDNNLKLISAEEWTGLF,0.0714285714285714,72.461075,0.22957034,0.22957163,0.00013213178,19.84832,19.84877,0.0047725886,-22.934155,-22.939285,0.08339352,5.0,True,0.6198709986321106,1,False
73,psd95pdz3_73,gb|EJM27529.1| hypothetical protein PMI24_03152 [Pseudomonas sp. GM25],3.89574,psd95pdz3_73,0.10958333333333325,0.007795564978456253,1.6577241872866201e-09,True,False,0.07380902266189569,psd95pdz3,evodiff_seq,unrestricted,seq_290,/home/bwittmann/GitRepos/MAPR/lab_test/predicted_structures/variants/evodiff_seq;psd95pdz3;unrestricted;seq_290_model_1_ptm_unrelaxed.pdb,MLGFYFKFVLQVKCMGVILSYMLYNVVLVYGLWQWKKQRDVATAAEHESLQSLRAAHSIKPDPADGATIVGAHGGIATHVMERA,0.0357142857142857,72.457016,0.11024313,0.11023831,0.00013722236,29.693665,29.693716,0.0052842055,-22.938213,-22.943344,0.08339352,5.0,True,0.5968646850376639,1,False
74,psd95pdz3_74,,,psd95pdz3_74,0.1088333333333333,0.006825198409814482,2.7987010662495326e-11,True,False,0.0733038658528029,psd95pdz3,evodiff_seq,unrestricted,seq_404,/home/bwittmann/GitRepos/MAPR/lab_test/predicted_structures/variants/evodiff_seq;psd95pdz3;unrestricted;seq_404_model_1_ptm_unrelaxed.pdb,MNPIRELINPSILSMAVLAGGSFALSFGLFIVPYVSTGYNDDFKEAFSKELAPILIVIVVIAISRAIERLIEAPFRQNDRPASK,0.0952380952380952,69.13595,0.17591006,0.17592517,0.00013677527,19.49927,19.499311,0.0050963867,-26.25928,-26.264412,0.08339352,5.0,True,0.55936743405623,1,False
75,psd95pdz3_75,ref|WP_402137624.1| nickel/cobalt transporter [Streptomyces sp. NPDC088727] >gb|MFJ4898322.1| nickel/cobalt transporter [Streptomyces sp. NPDC088727],4.76841,psd95pdz3_75,0.12258333333333334,0.008559838394113135,5.186186516972233e-08,True,False,0.08256507401950466,psd95pdz3,evodiff_seq,unrestricted,seq_672,/home/bwittmann/GitRepos/MAPR/lab_test/predicted_structures/variants/evodiff_seq;psd95pdz3;unrestricted;seq_672_model_1_ptm_unrelaxed.pdb,MSDRATPHPEPHGEPSGPRASSTSSVGTAVAILCLIIGVTAFVVLAVGLQRAEMGVADMVWFTGAAIAITISVGLTFARSRGRA,0.0476190476190476,69.83392,0.13129818,0.13128915,9.807781e-05,25.866783,25.866943,0.004370465,-25.561306,-25.566437,0.08339352,5.0,True,0.5575891519809045,1,False
76,psd95pdz3_76,gb|MCR4410444.1| arabinose isomerase [Candidatus Saccharicenans sp.] >gb|MDH7575952.1| arabinose isomerase [Candidatus Saccharicenans sp.],6.13473,psd95pdz3_76,0.17366666666666666,0.0035472994422987847,2.0692568314780226e-11,True,False,0.11697186557216024,psd95pdz3,evodiff_seq,unrestricted,seq_824,/home/bwittmann/GitRepos/MAPR/lab_test/predicted_structures/variants/evodiff_seq;psd95pdz3;unrestricted;seq_824_model_1_ptm_unrelaxed.pdb,MTYSEPTPPQCDAQNMHIHTIQQVLDDPELWPEIGEWVLHFYEQTFGREVTGAYLEGLFWDFRELDGLSKDTGAHTTTRSSSSG,0.0595238095238095,66.764885,0.2775637,0.27755508,0.00019574512,14.9693985,14.969318,0.0039004965,-28.630344,-28.635475,0.08339352,5.0,True,0.5494311339428561,1,False
77,psd95pdz3_77,,,psd95pdz3_77,0.43760000000000004,0.04325852517134628,0.0002811718493691873,True,True,0.29474215954535893,psd95pdz3,evodiff_seq,unrestricted,seq_816,/home/bwittmann/GitRepos/MAPR/lab_test/predicted_structures/variants/evodiff_seq;psd95pdz3;unrestricted;seq_816_model_1_ptm_unrelaxed.pdb,MSGAPDLEKDKLWRRLIEQIPREPVDLDAVPEQVESGIDLTGSQIPPEMAADIEDLYRAAVLAQEIDLDTLRRIADKKRRGLAV,0.0476190476190476,67.468445,0.22185585,0.22187136,0.00016843712,18.52623,18.526514,0.0038945244,-27.926785,-27.931915,0.08339352,5.0,True,0.5386860599801144,1,False
78,psd95pdz3_78,gb|MDQ7055620.1| HTH domain-containing protein [Persephonella sp.],0.000112869,psd95pdz3_78,0.3697,0.042233872661644446,0.001638264839432516,True,True,0.24900862976215532,psd95pdz3,evodiff_seq,unrestricted,seq_449,/home/bwittmann/GitRepos/MAPR/lab_test/predicted_structures/variants/evodiff_seq;psd95pdz3;unrestricted;seq_449_model_1_ptm_unrelaxed.pdb,MATAVRMQGKYDLQIARQRDEVLSALRSGAVSTAQAAETMNLSRTAVWRAIRKLEAAGYVEVANNRGALRGNRVLPPVGKSFGL,0.0952380952380952,66.880844,0.2222229,0.22222859,0.00027044967,15.366216,15.366524,0.005516254,-28.514385,-28.519516,0.08339352,5.0,True,0.5363599618178321,1,False
79,psd95pdz3_79,,,psd95pdz3_79,0.09916666666666667,0.008693867570496651,1.598165135995304e-08,True,False,0.06679295586893988,psd95pdz3,evodiff_seq,unrestricted,seq_924,/home/bwittmann/GitRepos/MAPR/lab_test/predicted_structures/variants/evodiff_seq;psd95pdz3;unrestricted;seq_924_model_1_ptm_unrelaxed.pdb,MIKVLGFDFITKGQSDQYLVKINFQKANSIEFLPYLFGSERPELYKNLTLEYFLDESEETDANRISVIIQHSDLNISLISISIT,0.0476190476190476,63.261196,0.29208186,0.29208714,0.00014057892,12.484522,12.484311,0.003828613,-32.134033,-32.139164,0.08339352,9.0,True,0.5041583071001046,1,False
80,psd95pdz3_80,,,psd95pdz3_80,0.11566666666666668,0.0005773502691896263,2.7666763307253366e-17,True,False,0.07790640566898198,psd95pdz3,evodiff_seq,unrestricted,seq_835,/home/bwittmann/GitRepos/MAPR/lab_test/predicted_structures/variants/evodiff_seq;psd95pdz3;unrestricted;seq_835_model_1_ptm_unrelaxed.pdb,MITAAPALHLRAEQASLVGPRVQESGSGGGFSPALSSSGSGGQVAGRDVSGGSTLAALLWALWVAGTVAGTATLVARAHRDRSA,0.0952380952380952,65.25893,0.17266707,0.17265512,0.00015164114,20.428417,20.428226,0.0037872521,-30.136303,-30.141434,0.08339352,5.0,True,0.4988977996488787,1,False
81,psd95pdz3_81,,,psd95pdz3_81,0.1138333333333333,0.005795112883571279,2.970339688455353e-13,True,False,0.07667157791342172,psd95pdz3,evodiff_seq,unrestricted,seq_221,/home/bwittmann/GitRepos/MAPR/lab_test/predicted_structures/variants/evodiff_seq;psd95pdz3;unrestricted;seq_221_model_1_ptm_unrelaxed.pdb,MAVGALLLLLVRSADKDAVPTRTISEGFPFRVVRQATGRTSMSDKEEQGANIARCYMAAGLNDNEQRLATAAIMLEERDWKAVR,0.0476190476190476,59.209873,0.2606258,0.2606438,0.00016914489,15.074554,15.074915,0.005779351,-36.185356,-36.190487,0.08339352,9.0,True,0.4312828990225896,1,False
82,psd95pdz3_82,gb|KAH8639486.1| hypothetical protein IG631_07256 [Alternaria alternata],2.97539,psd95pdz3_82,0.1105833333333333,0.00938527215020079,1.9818206517401944e-07,True,False,0.07448256507401949,psd95pdz3,evodiff_seq,unrestricted,seq_20,/home/bwittmann/GitRepos/MAPR/lab_test/predicted_structures/variants/evodiff_seq;psd95pdz3;unrestricted;seq_20_model_1_ptm_unrelaxed.pdb,MEKGHNRRESPVESWRRWARRTWRASAWTSPIAVAAGLALIFGAYWISTEAQMLESLKGLSPPASYYTWLQQIAPRFWWSQLNR,0.0714285714285714,60.386543,0.16542277,0.16541706,9.235703e-05,18.181843,18.181625,0.004718747,-35.008686,-35.013817,0.08339352,9.0,True,0.4179810994340436,1,False
83,psd95pdz3_83,,,psd95pdz3_83,0.13408333333333333,0.003826987501068348,1.8477143080338425e-15,True,False,0.09031081175892795,psd95pdz3,evodiff_seq,unrestricted,seq_266,/home/bwittmann/GitRepos/MAPR/lab_test/predicted_structures/variants/evodiff_seq;psd95pdz3;unrestricted;seq_266_model_1_ptm_unrelaxed.pdb,MMIPQRVRQLVQEQLAHQSKLLLSAAELRAIFDEDNINKLIREGNVLWDRGSYKEVTLHHLVRLLDEILCIKSSRYSYRGSLAG,0.0357142857142857,56.89298,0.28559005,0.28558648,0.00015667538,16.37079,16.370844,0.0045417966,-38.50225,-38.50738,0.08339352,9.0,True,0.4112856531057454,1,False
84,psd95pdz3_84,"gb|MEY2484583.1| proton-dependent oligopeptide transporter, family [Verrucomicrobiota bacterium]",3.85373,psd95pdz3_84,0.10116666666666667,0.006394985014316555,1.5794685874065166e-12,True,False,0.06814004069318741,psd95pdz3,evodiff_seq,unrestricted,seq_750,/home/bwittmann/GitRepos/MAPR/lab_test/predicted_structures/variants/evodiff_seq;psd95pdz3;unrestricted;seq_750_model_1_ptm_unrelaxed.pdb,MPLLMKGYGIFYVLTCVFKSFIRTLDANLFGTHLMLLFNYKLPSRRNTPILTDTRLRINVQLLIGIWYLTLYPGINNSLAKQVI,0.0595238095238095,59.71822,0.18404873,0.18406337,0.00013823602,19.573519,19.57415,0.0043744897,-35.677013,-35.68214,0.08339352,9.0,True,0.4106041922211416,1,False
85,psd95pdz3_85,,,psd95pdz3_85,0.1238333333333333,0.02328805129961144,0.005282134782583622,True,False,0.08340700203465935,psd95pdz3,evodiff_seq,unrestricted,seq_930,/home/bwittmann/GitRepos/MAPR/lab_test/predicted_structures/variants/evodiff_seq;psd95pdz3;unrestricted;seq_930_model_1_ptm_unrelaxed.pdb,MGTISISHTRENIFYTKYLSYLRSNGIKKSEIATIWSIDLFSQGSELLLHRLATGLGLIFSLHPRFVIFQNQAKRAIYCKTRYY,0.0595238095238095,58.12095,0.24502939,0.24505222,0.00013768443,14.505235,14.505638,0.0057098903,-37.27428,-37.27941,0.08339352,9.0,True,0.409925154964781,1,False
86,psd95pdz3_86,tpg|HTQ32706.1| hydantoinase/oxoprolinase family protein [Stellaceae bacterium],9.04185,psd95pdz3_86,0.12775,0.00740354644748043,1.946644479547714e-09,True,False,0.08604504314881078,psd95pdz3,evodiff_seq,unrestricted,seq_742,/home/bwittmann/GitRepos/MAPR/lab_test/predicted_structures/variants/evodiff_seq;psd95pdz3;unrestricted;seq_742_model_1_ptm_unrelaxed.pdb,MVALNPSKTQHYISVYHLILLLAYLTTLMGGLAEIAPSRPTSSTMFDTAKCFTAPCSWSNIKWTVEIGDRLSTSKATSLSRTWR,0.0595238095238095,58.65667,0.17117947,0.171182,0.00012230789,20.787025,20.787289,0.004175158,-36.73856,-36.74369,0.08339352,9.0,True,0.3908644402950865,1,False
87,psd95pdz3_87,"gb|KFW89586.1| Cytosolic carboxypeptidase 4, partial [Phalacrocorax carbo]",0.0191278,psd95pdz3_87,0.15625,0.015962847490344573,0.0017993736956044054,True,False,0.10524100189433803,psd95pdz3,evodiff_seq,unrestricted,seq_789,/home/bwittmann/GitRepos/MAPR/lab_test/predicted_structures/variants/evodiff_seq;psd95pdz3;unrestricted;seq_789_model_1_ptm_unrelaxed.pdb,MSLSKEQIQHDVNTLISWLTENFELEYLAVVESDKDDQDDITDEEKFWIETLRAKLRSRPILDRREAEKILVDDMENGRLIEVK,0.0357142857142857,50.32441,0.32419312,0.32419616,0.00012226067,11.557272,11.557207,0.0044998224,-45.07082,-45.07595,0.08339352,1.0,True,0.3573187157657713,1,False
88,psd95pdz3_88,,,psd95pdz3_88,0.1285,0.0049812147112928236,4.67237146607715e-14,True,False,0.08655019995790361,psd95pdz3,evodiff_seq,unrestricted,seq_719,/home/bwittmann/GitRepos/MAPR/lab_test/predicted_structures/variants/evodiff_seq;psd95pdz3;unrestricted;seq_719_model_1_ptm_unrelaxed.pdb,MNTQLRGLSLAIPVEGIETCLVNQQRTSITRLLLALNRFFFFFDGATGGSSSVRDQVGVVASDSMRQTEEESTLLLRSEARESI,0.0476190476190476,55.954044,0.18477985,0.18477094,0.00020842026,23.607582,23.607643,0.0041319625,-39.441185,-39.446316,0.08339352,9.0,True,0.3521025224667117,1,False
89,psd95pdz3_89,gb|MCI6665562.1| NUMOD4 motif-containing HNH endonuclease [Lachnospiraceae bacterium],0.454363,psd95pdz3_89,0.11316666666666668,0.00623665241402255,2.6027032592800327e-12,True,False,0.07622254963867257,psd95pdz3,evodiff_seq,unrestricted,seq_675,/home/bwittmann/GitRepos/MAPR/lab_test/predicted_structures/variants/evodiff_seq;psd95pdz3;unrestricted;seq_675_model_1_ptm_unrelaxed.pdb,MISRRRLMKRIRNFTLGLKIISTIRGYSNRNSLTIEKEREEGLVRSIWINKPDGGYKEDYNKRNNNYINSIEYSHKNSDLGNRK,0.0357142857142857,48.999165,0.30126628,0.3012572,0.00019606511,15.922547,15.9226,0.0039066924,-46.396065,-46.401196,0.08339352,1.0,True,0.3247227341952078,1,False
90,psd95pdz3_90,gb|MDD3652693.1| universal stress protein [Desulfotomaculaceae bacterium],8.17659,psd95pdz3_90,0.10841666666666666,0.0030855847635956057,3.126098150735444e-18,True,False,0.07302322318108469,psd95pdz3,evodiff_seq,unrestricted,seq_973,/home/bwittmann/GitRepos/MAPR/lab_test/predicted_structures/variants/evodiff_seq;psd95pdz3;unrestricted;seq_973_model_1_ptm_unrelaxed.pdb,MVQIEKIKAGINVEILRQGRRLTFVDAFHMIQDILNDPEKRVEIRLNKKVEEIGLFVEYSFKTTAQLINKAIEATMKIQIQIEQ,0.1071428571428571,52.10655,0.21532002,0.21533287,0.00016957738,18.214972,18.215199,0.003718647,-43.28868,-43.29381,0.08339352,9.0,True,0.3236965024948003,1,False
91,psd95pdz3_91,,,psd95pdz3_91,0.15666666666666662,0.00575724181647196,1.7802750120031244e-10,True,False,0.10552164456605624,psd95pdz3,evodiff_msa,unrestricted,seq_261,/home/bwittmann/GitRepos/MAPR/lab_test/predicted_structures/variants/evodiff_msa;psd95pdz3;unrestricted;seq_261_model_1_ptm_unrelaxed.pdb,PQRVETIPPPGESGITLEWSCTCAGVYVKDVKPRGRSEMQRYLLQGQVVMQFGEQSWSGETMDALVAKLMRHVPCKLRMMQRKS,0.119047619047619,46.29821,0.29833722,0.29834422,0.00016701916,14.282126,14.281912,0.0033194989,-49.097023,-49.10215,0.08339352,1.0,True,0.3162126954903795,1,False
92,psd95pdz3_92,,,psd95pdz3_92,0.19833333333333328,0.007186503554116853,3.172680329721658e-05,True,False,0.1335859117378797,psd95pdz3,evodiff_seq,unrestricted,seq_419,/home/bwittmann/GitRepos/MAPR/lab_test/predicted_structures/variants/evodiff_seq;psd95pdz3;unrestricted;seq_419_model_1_ptm_unrelaxed.pdb,MANDEYVQRMLSQAPLATSYANGFLTATQPTSKSTDTYVKAYRDAGEWIVTVLVDNGYTPEAMQRVADGFQLSNVPEGRKVRQE,0.0595238095238095,50.72119,0.2478259,0.24783841,0.00015238041,14.650786,14.651134,0.0050041596,-44.674034,-44.67917,0.08339352,1.0,True,0.3106779735305299,1,False
93,psd95pdz3_93,,,psd95pdz3_93,0.1210833333333333,0.0016645820296198376,3.4691894907079754e-17,True,False,0.08155476040131901,psd95pdz3,evodiff_seq,unrestricted,seq_739,/home/bwittmann/GitRepos/MAPR/lab_test/predicted_structures/variants/evodiff_seq;psd95pdz3;unrestricted;seq_739_model_1_ptm_unrelaxed.pdb,MPMVETRVVKDSDKPLSLLEIGIIINEFTSWGKEINRIILDKSLIIKAETAHSMLAAIDLNTTPSFTGYQTITHILNHRKKQNL,0.0,51.71988,0.18685502,0.18686178,7.03173e-05,17.323395,17.323488,0.00409906,-43.67535,-43.68048,0.08339352,9.0,True,0.2861366585309662,1,False
94,psd95pdz3_94,,,psd95pdz3_94,0.16574999999999998,0.002179449471770275,8.38723907838472e-13,True,False,0.11163965480951378,psd95pdz3,evodiff_seq,unrestricted,seq_112,/home/bwittmann/GitRepos/MAPR/lab_test/predicted_structures/variants/evodiff_seq;psd95pdz3;unrestricted;seq_112_model_1_ptm_unrelaxed.pdb,MPNLSEAIEQALDEAPEEPLTIRRERGDLVEVALALQVTGVMIIRRPVRSRSADGRPNPPIVAERLAWLPQLLPIREAERDAAR,0.0238095238095238,49.053333,0.22062391,0.22063139,0.00013994801,17.496544,17.496109,0.0046616974,-46.341896,-46.347027,0.08339352,1.0,True,0.2670397548286491,1,False
95,psd95pdz3_95,,,psd95pdz3_95,0.11941666666666663,0.016557349828198096,0.0006699383789104685,True,False,0.08043218971444606,psd95pdz3,evodiff_seq,unrestricted,seq_571,/home/bwittmann/GitRepos/MAPR/lab_test/predicted_structures/variants/evodiff_seq;psd95pdz3;unrestricted;seq_571_model_1_ptm_unrelaxed.pdb,MRPIATMFQMQRTIGWSILWAISAFSEPPITLVIDMPDPPAYHALTKGMRSCTGGSSSWTWGPALEPFQASRRPSHQVLEVQEV,0.0714285714285714,46.56048,0.23884752,0.23885655,0.00015376463,15.147539,15.147695,0.003906017,-48.834755,-48.83988,0.08339352,1.0,True,0.2572685776819636,1,False
96,psd95pdz3_96,,,psd95pdz3_96,0.10866666666666668,0.006788470618138773,2.322310264052812e-11,True,False,0.07319160878411564,psd95pdz3,evodiff_seq,unrestricted,seq_833,/home/bwittmann/GitRepos/MAPR/lab_test/predicted_structures/variants/evodiff_seq;psd95pdz3;unrestricted;seq_833_model_1_ptm_unrelaxed.pdb,MGYLSALLMVVRGCGGSLVSVRLYSPWVDVVIMSSVVWMGSYDLLKLGYGGCPLRSPSIRHQFISFATDFAAGRLRGTSFFRGI,0.0238095238095238,47.037502,0.22582197,0.22582658,0.0002449917,15.8847275,15.884886,0.004815835,-48.357723,-48.362858,0.08339352,1.0,True,0.2445419049606592,1,False
97,psd95pdz3_97,emb|VDN07119.1| unnamed protein product [Thelazia callipaeda],3.89428,psd95pdz3_97,0.20766666666666667,0.00461880215351701,1.2063777473256027e-05,True,False,0.13987230758436822,psd95pdz3,evodiff_seq,unrestricted,seq_326,/home/bwittmann/GitRepos/MAPR/lab_test/predicted_structures/variants/evodiff_seq;psd95pdz3;unrestricted;seq_326_model_1_ptm_unrelaxed.pdb,MAGRTTAKAGCTLAIMASRSDLYTGGSSFFAGERPALEHTRTSVRRVVGTVGKAAHCIAPNMRKFGTRGRRDARKTATTHWNAL,0.0357142857142857,47.663807,0.2020417,0.20206198,0.0011437857,16.60348,16.603449,0.0041055074,-47.731426,-47.736553,0.08339352,1.0,True,0.2390042667867544,1,False
98,psd95pdz3_98,,,psd95pdz3_98,0.08375,0.00261007662722764,3.9885436072514046e-20,True,False,0.05640917701536519,psd95pdz3,evodiff_seq,unrestricted,seq_90,/home/bwittmann/GitRepos/MAPR/lab_test/predicted_structures/variants/evodiff_seq;psd95pdz3;unrestricted;seq_90_model_1_ptm_unrelaxed.pdb,MLTPRYGRDFEFALSLNPEPCFIVLDVNINGNNHLLCYATYVALRGMRAISSPSWLGPAHPITDGKGTVHISGPERSVARIAVG,0.0476190476190476,40.503334,0.2509597,0.25094244,0.00017761013,13.667549,13.667799,0.0036561515,-54.891895,-54.897026,0.08339352,1.0,True,0.2052429550725254,1,False
99,psd95pdz3_99,,,psd95pdz3_99,0.12458333333333331,0.006032895932579366,3.926495446950916e-12,True,False,0.08391215884375218,psd95pdz3,evodiff_seq,unrestricted,seq_867,/home/bwittmann/GitRepos/MAPR/lab_test/predicted_structures/variants/evodiff_seq;psd95pdz3;unrestricted;seq_867_model_1_ptm_unrelaxed.pdb,MIISSDSVSISECSLVSFSVPLLSLNSSLKHSISLPNTSSPIAFDISAAINSKLSLLTTFDISTFPLSICDLTSSIEDTLSVSP,0.0476190476190476,39.06738,0.22352819,0.22354153,0.00015628156,15.168552,15.168316,0.005257716,-56.32785,-56.33298,0.08339352,1.0,True,0.169771261579381,1,False
