selected_name,mean_value,sd_value,p_value,significant,active,score,protein,tool,condition,name,pdb_file,sequence,seqid,plddt,tm_mean,tm_median,tm_std,rmsd_mean,rmsd_median,rmsd_std,dplddt_mean,dplddt_median,dplddt_std,cluster,sampled,norm
WT,1.4846875,0.04908307343500492,2.8538099801445476e-47,True,True,1.0,,,,,,,,,,,,,,,,,,,,
wt_0,1.6981666666666666,0.01696749343106793,7.524435499960159e-08,True,True,1.1718747379191197,,,,,,,,,,,,,,,,,,,,
wt_1,1.56025,0.021152718501412593,1.566174243044869e-06,True,True,1.060836310572133,,,,,,,,,,,,,,,,,,,,
broken,0.242625,0.027467866601761686,1.0,False,False,0.0,,,,,,,,,,,,,,,,,,,,
A376R,1.1048125,0.050891674171714925,1.8405935182258258e-25,True,True,0.6941579026820309,,,,,,,,,,,,,,,,,,,,
A376R_1,0.9899166666666668,0.03035759103310621,8.431430130034045e-05,True,True,0.6016538351867695,,,,,,,,,,,,,,,,,,,,
Y392I,0.9677999999999999,0.09008351063812342,1.961735190371474e-10,True,True,0.583847431188044,,,,,,,,,,,,,,,,,,,,
Y392I_0,0.9891666666666667,0.025423086620891083,3.188399384169848e-05,True,True,0.601050000838659,,,,,,,,,,,,,,,,,,,,
Y392I_1,0.8880000000000001,0.03957113847237656,2.729196317540934e-07,True,True,0.5195994565490869,,,,,,,,,,,,,,,,,,,,
psd95pdz3_0,1.7691666666666668,0.06874060541872856,0.00027096617000450123,True,True,1.2290377228735807,psd95pdz3,evodiff_seq,constant_residues_5.0,seq_860,/home/bwittmann/GitRepos/MAPR/lab_test/predicted_structures/variants/evodiff_seq;psd95pdz3;constant_residues_5.0;seq_860_model_1_ptm_unrelaxed.pdb,PRRIVLRRGSTGLGFNIVGGEDGEGIFISFILAGGPADLSGELRKGDQILSVNGVDLRNASHEQAAIALKNAGQTVTIIAQYKR,0.9642857142857144,94.94702,0.9973392,0.9973457,0.00012890251,0.36665887,0.3661613,0.009769981,-0.448208,-0.45333862,0.08339352,0.0,True,1.690423298989752
psd95pdz3_1,1.7714166666666669,0.056585296971327644,0.00016107148308339988,True,True,1.2308492259179122,psd95pdz3,evodiff_seq,constant_residues_5.0,seq_502,/home/bwittmann/GitRepos/MAPR/lab_test/predicted_structures/variants/evodiff_seq;psd95pdz3;constant_residues_5.0;seq_502_model_1_ptm_unrelaxed.pdb,PRRIVLNRGPTGLGFNIVGGEDGEGIFISFILAGGPADLSGELRKGDQILSVNGVDLRNASHEQAAIALKNAGQFVTIIAQYKP,0.9523809523809524,95.47072,0.99978006,0.9997823,2.9257966e-05,0.099086106,0.098765135,0.0064367773,0.075488895,0.07035828,0.08339352,0.0,True,1.6898309801637552
psd95pdz3_2,1.8477500000000002,0.00565132727772861,3.4188453716430795e-33,True,True,1.2923061440144923,psd95pdz3,mpnn,constant_residues_5.0,seq_468,/home/bwittmann/GitRepos/MAPR/lab_test/predicted_structures/variants/mpnn;psd95pdz3;constant_residues_5.0;seq_468_model_1_ptm_unrelaxed.pdb,PRRIVLTRGATGLGFNIVGGEDGEGIFISFILAGGPADLSGELRKGDQILSVNGVDLRNASHEQAAIALKNAGDTVTIIAEHRP,0.9166666666666666,95.166664,0.9993513,0.99934727,0.0001230665,0.17006989,0.17137088,0.016641269,-0.22856537,-0.23369598,0.08339352,0.0,True,1.6664014650645331
psd95pdz3_3,1.854583333333333,0.0258097203910981,3.695112196080944e-15,True,True,1.297807745852832,psd95pdz3,mpnn,constant_residues_5.0,seq_567,/home/bwittmann/GitRepos/MAPR/lab_test/predicted_structures/variants/mpnn;psd95pdz3;constant_residues_5.0;seq_567_model_1_ptm_unrelaxed.pdb,PRRIVLTRGATGLGFNIVGGEDGEGIFISFILAGGPADLSGELRKGDQILSVNGVDLRNASHEQAAIALKNAGETVTIIAKHTP,0.9166666666666666,94.821785,0.998327,0.99833345,0.00012669741,0.27887052,0.27854633,0.010832138,-0.57344455,-0.57857513,0.08339352,0.0,True,1.6625681312292624
psd95pdz3_4,0.31375000000000003,0.018314952907392365,0.003749660699763948,True,True,0.05726362401247927,psd95pdz3,evodiff_msa,constant_residues_5.0,seq_217,/home/bwittmann/GitRepos/MAPR/lab_test/predicted_structures/variants/evodiff_msa;psd95pdz3;constant_residues_5.0;seq_217_model_1_ptm_unrelaxed.pdb,PRRIVLIRGSTGLGFNIVGGEDNEGIFISFILAHGPADLSGELRKGDQILSVNGVDLRNASHEQAAIALKNAGRKVTIIAIRQP,0.8928571428571429,94.96417,0.9949562,0.994951,0.00016792475,0.51918805,0.51970685,0.010107859,-0.43105713,-0.43618774,0.08339352,0.0,True,1.6483302548167769
psd95pdz3_5,0.5422,0.025031480179965402,1.2277377229787812e-07,True,True,0.24119156644693812,psd95pdz3,evodiff_msa,constant_residues_5.0,seq_316,/home/bwittmann/GitRepos/MAPR/lab_test/predicted_structures/variants/evodiff_msa;psd95pdz3;constant_residues_5.0;seq_316_model_1_ptm_unrelaxed.pdb,PRRIVLERGKTGLGFNIVGGEDAEGIFISFILASGPADLSGELRKGDQILSVNGVDLRNASHEQAAIALKNAGNTVTIIARREP,0.8928571428571429,94.567024,0.9924263,0.992419,0.00019027232,0.6506641,0.65122473,0.009736114,-0.8282053,-0.8333359,0.08339352,0.0,True,1.6429923800967394
psd95pdz3_6,1.7400625,0.02527711003391539,8.125035689383259e-09,True,True,1.205605595531626,psd95pdz3,evodiff_msa,constant_residues_5.0,seq_147,/home/bwittmann/GitRepos/MAPR/lab_test/predicted_structures/variants/evodiff_msa;psd95pdz3;constant_residues_5.0;seq_147_model_1_ptm_unrelaxed.pdb,PRRIVLKRGDTGLGFNIVGGEDREGIFISFILAGGPADLSGELRKGDQILSVNGVDLRNASHEQAAIALKNAGGSVTIIARRRP,0.8928571428571429,94.17631,0.9970979,0.9970995,0.00014844774,0.37567443,0.37596565,0.01039441,-1.2189218,-1.2240524,0.08339352,0.0,True,1.6424952818278065
psd95pdz3_7,0.25375,0.015229494410518046,0.17378955270752175,False,False,0.008956876163639084,psd95pdz3,evodiff_msa,constant_residues_5.0,seq_989,/home/bwittmann/GitRepos/MAPR/lab_test/predicted_structures/variants/evodiff_msa;psd95pdz3;constant_residues_5.0;seq_989_model_1_ptm_unrelaxed.pdb,PRRIVVKRGHTGLGFNIVGGEDSEGIFISFILAKGPADLSGELRKGDQILSVNGVDLRNASHEQAAIALKNAGGEVTIIAQRAP,0.8928571428571429,94.090485,0.99619025,0.9961941,0.00012179666,0.45394272,0.4541723,0.00856292,-1.3047448,-1.3098755,0.08339352,0.0,True,1.6411066693593994
psd95pdz3_8,1.0130000000000001,0.05208856640377045,9.119777415545429e-07,True,True,0.6202385145675038,psd95pdz3,evodiff_msa,constant_residues_5.0,seq_608,/home/bwittmann/GitRepos/MAPR/lab_test/predicted_structures/variants/evodiff_msa;psd95pdz3;constant_residues_5.0;seq_608_model_1_ptm_unrelaxed.pdb,PRRIVLRRGDTGLGFNIVGGEDGEGIFISFILAGGPADLSGELRKGDQILSVNGVDLRNASHEQAAIALKNAKATVTIIARRNP,0.9047619047619048,93.29179,0.99319017,0.99318826,0.00016310252,0.6071627,0.607679,0.009145135,-2.1034434,-2.108574,0.08339352,0.0,True,1.6385315313250934
psd95pdz3_9,1.1974,0.05123676658416295,3.1333400387780743e-07,True,True,0.7687012529562725,psd95pdz3,evodiff_msa,constant_residues_5.0,seq_87,/home/bwittmann/GitRepos/MAPR/lab_test/predicted_structures/variants/evodiff_msa;psd95pdz3;constant_residues_5.0;seq_87_model_1_ptm_unrelaxed.pdb,PRRIVVKRGKTGLGFNIVGGEDEEGIFISFILANGPADLSGELRKGDQILSVNGVDLRNASHEQAAIALKNAGDEVTIIALRRP,0.8809523809523809,94.20345,0.99631613,0.99630964,0.00014102536,0.43155563,0.43221128,0.009685032,-1.1917764,-1.196907,0.08339352,0.0,True,1.63562668698788
psd95pdz3_10,0.15441666666666667,0.014769760774411117,0.9995274647377232,False,False,-0.07101762860832957,psd95pdz3,evodiff_seq,constant_residues_2.5,seq_868,/home/bwittmann/GitRepos/MAPR/lab_test/predicted_structures/variants/evodiff_seq;psd95pdz3;constant_residues_2.5;seq_868_model_1_ptm_unrelaxed.pdb,PRRIVLKKGPGGLGFNIVGGEDGEGIFISFILAGGPADRIGELRRGDQILSVNGRDLREASHEQAAIALKRAGQTVTIIAQYKN,0.8571428571428571,94.55856,0.99608946,0.99609286,0.0001495709,0.4497757,0.45035434,0.009882581,-0.8366663,-0.8417969,0.08339352,6.0,True,1.6257668652791928
psd95pdz3_11,1.9045999999999998,0.03596725941742016,1.008471833307124e-09,True,True,1.338076787601268,psd95pdz3,mpnn,constant_residues_2.5,seq_818,/home/bwittmann/GitRepos/MAPR/lab_test/predicted_structures/variants/mpnn;psd95pdz3;constant_residues_2.5;seq_818_model_1_ptm_unrelaxed.pdb,PRTVTLTRGADGLGFNIVGGEGGTGIFISFILPGGPADLSGELRVGDQILSVNGVDLRNASHEQAAIALKTAGETVTIIVEHKP,0.8095238095238095,95.31606,0.99924624,0.99925375,5.229668e-05,0.18386035,0.1830619,0.0063548135,-0.07916656,-0.08429718,0.08339352,6.0,True,1.6099095671814008
psd95pdz3_12,1.8461666666666667,0.012109741257901985,2.2323802901599152e-11,True,True,1.2910313826129256,psd95pdz3,mpnn,constant_residues_2.5,seq_994,/home/bwittmann/GitRepos/MAPR/lab_test/predicted_structures/variants/mpnn;psd95pdz3;constant_residues_2.5;seq_994_model_1_ptm_unrelaxed.pdb,PRTVTLKRGPYGLGFNIVGGEGGTGIFISFILPGGPADLSGELRVGDQILSVNGVDLRNASHEQAAIALKNAGETVTIIAERRP,0.8214285714285714,94.835236,0.9967707,0.99677026,0.00014801847,0.39975986,0.40023345,0.010310042,-0.5599939,-0.5651245,0.08339352,6.0,True,1.6098447280243997
psd95pdz3_13,1.8610833333333332,0.0037610946987989527,7.828036917876612e-44,True,True,1.3030409768697897,psd95pdz3,mpnn,constant_residues_2.5,seq_655,/home/bwittmann/GitRepos/MAPR/lab_test/predicted_structures/variants/mpnn;psd95pdz3;constant_residues_2.5;seq_655_model_1_ptm_unrelaxed.pdb,PRTVTLTRGEYGLGFNIVGGEGDKGIFISFILPGGPADLSGELRVGDQILSVNGVDLRNASHEQAAIALKNAGETVTIIVQHKP,0.8214285714285714,94.65595,0.99677354,0.9967747,5.7442296e-05,0.40341797,0.40319544,0.0034142889,-0.73927706,-0.74440765,0.08339352,6.0,True,1.6081538829693278
psd95pdz3_14,1.869,,,False,False,1.309414783877623,psd95pdz3,mpnn,constant_residues_2.5,seq_282,/home/bwittmann/GitRepos/MAPR/lab_test/predicted_structures/variants/mpnn;psd95pdz3;constant_residues_2.5;seq_282_model_1_ptm_unrelaxed.pdb,PRTVTLTRGEYGLGFNIVGGEGDTGIFISFILPGGPADLSGELRVGDQILSVNGVDLRNASHEQAAIALKNAGETVTIIVEHKP,0.8095238095238095,95.070114,0.9982138,0.9982182,5.969629e-05,0.29619285,0.29593283,0.0045297425,-0.32511535,-0.33024597,0.08339352,6.0,True,1.606867677778545
psd95pdz3_15,1.899708333333333,0.030334146051383525,1.706859467214019e-13,True,True,1.3341384457974805,psd95pdz3,mpnn,constant_residues_2.5,seq_608,/home/bwittmann/GitRepos/MAPR/lab_test/predicted_structures/variants/mpnn;psd95pdz3;constant_residues_2.5;seq_608_model_1_ptm_unrelaxed.pdb,PRTVTLTRGADGLGFNIVGGEGGTGIFISFILPGGPADLSGELRVGDQILSVNGVDLRNASHEQAAIALKTAGETVTIIVEHRP,0.7976190476190477,95.22679,0.9993416,0.9993464,3.5452136e-05,0.17177205,0.17121206,0.0045849923,-0.1684381,-0.17356873,0.08339352,6.0,True,1.6030235460211113
psd95pdz3_16,1.9056250000000001,0.03185742979798173,6.873612843908225e-08,True,True,1.3389020278770192,psd95pdz3,mpnn,constant_residues_2.5,seq_504,/home/bwittmann/GitRepos/MAPR/lab_test/predicted_structures/variants/mpnn;psd95pdz3;constant_residues_2.5;seq_504_model_1_ptm_unrelaxed.pdb,PRTVTLTRGPVGLGFNIVGGEGDTGIFISFILPGGPADLSGELRVGDQILSVNGVDLRNASHEQAAIALKTAGDTVTIIVEHKP,0.7976190476190477,95.32119,0.99799347,0.99798787,0.000112201,0.3119772,0.31206828,0.008124736,-0.07403961,-0.07917023,0.08339352,6.0,True,1.603007322736943
psd95pdz3_17,0.87195,0.09549286622570301,5.1070345644144976e-05,True,True,0.506677401499522,psd95pdz3,evodiff_seq,constant_residues_2.5,seq_446,/home/bwittmann/GitRepos/MAPR/lab_test/predicted_structures/variants/evodiff_seq;psd95pdz3;constant_residues_2.5;seq_446_model_1_ptm_unrelaxed.pdb,PRTIILTKGPTGLGFNIVGGEDGEGIFISFILPGGPADQCNELRRGDQILSVNGVDLREASHEQAAIALKGAGGEVTIIAQYKK,0.8095238095238095,93.28107,0.9971204,0.9971195,0.00015074825,0.375887,0.37651485,0.01061581,-2.1141627,-2.1192932,0.08339352,6.0,True,1.5892763295279666
psd95pdz3_18,0.38775,,,False,False,0.11684194635938207,psd95pdz3,evodiff_seq,constant_residues_2.5,seq_139,/home/bwittmann/GitRepos/MAPR/lab_test/predicted_structures/variants/evodiff_seq;psd95pdz3;constant_residues_2.5;seq_139_model_1_ptm_unrelaxed.pdb,PRVAVLKRGDSGLGFNIVGGEDGEGIFISFILAGGPADLDGELRRGDQILSVNGIDLRGVSHEQAAIALKAVSDPITIIAQYKP,0.7976190476190477,93.180115,0.98981005,0.9898082,0.0001321741,0.72803557,0.728075,0.004448068,-2.2151148,-2.2202454,0.08339352,6.0,True,1.577127594576241
psd95pdz3_19,0.12225,,,False,False,-0.09691541287173554,psd95pdz3,evodiff_seq,constant_residues_2.5,seq_509,/home/bwittmann/GitRepos/MAPR/lab_test/predicted_structures/variants/evodiff_seq;psd95pdz3;constant_residues_2.5;seq_509_model_1_ptm_unrelaxed.pdb,PRRIELTKGSSGLGFNIVGGEDGNGIFISFILTGGPADISDELRRHDQILSVNYEDLRAASHEQAAIALKKSQGTVTIIAQRSK,0.75,92.92202,0.9899599,0.98996836,0.0001774023,0.7388442,0.7391945,0.008324294,-2.4732096,-2.4783401,0.08339352,6.0,True,1.5506625253127306
psd95pdz3_20,0.12525,,,False,False,-0.09450007547929352,psd95pdz3,evodiff_msa,constant_residues_2.5,seq_626,/home/bwittmann/GitRepos/MAPR/lab_test/predicted_structures/variants/evodiff_msa;psd95pdz3;constant_residues_2.5;seq_626_model_1_ptm_unrelaxed.pdb,RQIVTLKKGDQGLGFNIVGGEDSEGIFISFILKGGPADRSGELRENDQILSVNGIDLRNLSHEQAAIALKESKETATIIVQYRP,0.7142857142857143,93.39618,0.99415773,0.99415916,0.00013096292,0.52591044,0.525916,0.006014831,-1.9990503,-2.004181,0.08339352,4.0,True,1.5408177949093802
psd95pdz3_21,1.6875,,,False,False,1.1632868716348816,psd95pdz3,evodiff_msa,constant_residues_2.5,seq_207,/home/bwittmann/GitRepos/MAPR/lab_test/predicted_structures/variants/evodiff_msa;psd95pdz3;constant_residues_2.5;seq_207_model_1_ptm_unrelaxed.pdb,PRQVILKKPPKGLGFNIVGGENTEGIFISFILPGGPADQSGELRVGDQILSVNGADLRGASHEQAAIALKGSGSEVTIIVRRKP,0.7261904761904762,93.13261,0.98333406,0.9833336,0.00032038148,0.94462985,0.9446429,0.0104307635,-2.262623,-2.2677536,0.08339352,4.0,True,1.53638598728305
psd95pdz3_22,1.89725,,,False,False,1.3321592109897853,psd95pdz3,mpnn,constant_residues_0.0,seq_570,/home/bwittmann/GitRepos/MAPR/lab_test/predicted_structures/variants/mpnn;psd95pdz3;constant_residues_0.0;seq_570_model_1_ptm_unrelaxed.pdb,PRTVTLTRGADGLGFTIVGGSGGTPIVISHILPGGPADKSGQLRVGDVILSVNGVDLRNATHAQAAAALASAGETVTIVVEHRP,0.6428571428571429,95.38321,0.9978445,0.99784935,0.00013198526,0.31301585,0.31287336,0.0098135155,-0.012020264,-0.017150879,0.08339352,8.0,True,1.5306455516604978
psd95pdz3_23,1.8698333333333335,0.013503086067019353,4.901777525416747e-10,True,True,1.3100857109310793,psd95pdz3,mpnn,constant_residues_0.0,seq_882,/home/bwittmann/GitRepos/MAPR/lab_test/predicted_structures/variants/mpnn;psd95pdz3;constant_residues_0.0;seq_882_model_1_ptm_unrelaxed.pdb,PRTVTLTRGADGLGFTIVGGEGDTGIYISHILPGGPADLSGQLHVGDEILSVNGVDLRNATHEEAAAALATAGETVTIVVKRTP,0.6547619047619048,94.92761,0.9930005,0.99299955,0.0001669272,0.6177833,0.61839783,0.009524293,-0.46761718,-0.4727478,0.08339352,8.0,True,1.5278133201263904
psd95pdz3_24,1.6635,,,False,False,1.1439641724953455,psd95pdz3,mpnn,constant_residues_0.0,seq_72,/home/bwittmann/GitRepos/MAPR/lab_test/predicted_structures/variants/mpnn;psd95pdz3;constant_residues_0.0;seq_72_model_1_ptm_unrelaxed.pdb,PRTVTLTRGADGLGFTIVGGSGGTGIFISSILPGGPADLSGQLHVGDEILSVNGVDLRNATHAEAAAALASAGETVTIVVRHTP,0.6547619047619048,94.179886,0.9972806,0.997278,0.00012817861,0.360834,0.3608991,0.009422501,-1.2153436,-1.2204742,0.08339352,4.0,True,1.5234446886882445
psd95pdz3_25,1.5492499999999998,,,False,False,1.0519800734665123,psd95pdz3,mpnn,unrestricted,seq_699,/home/bwittmann/GitRepos/MAPR/lab_test/predicted_structures/variants/mpnn;psd95pdz3;unrestricted;seq_699_model_1_ptm_unrelaxed.pdb,PRTVTLTRGEHGLGFTISGGSGGEPIRISHILPGGPADLSGKLRVGDVILSVNGVDLRNATLDEALAALANAGETVTLVVEHQP,0.6190476190476191,95.32845,0.9972715,0.9972672,0.00012917543,0.35160065,0.35201746,0.00848841,-0.066776425,-0.07190704,0.08339352,8.0,True,1.519595627136783
psd95pdz3_26,1.60375,,,False,False,1.0958587027625422,psd95pdz3,mpnn,unrestricted,seq_558,/home/bwittmann/GitRepos/MAPR/lab_test/predicted_structures/variants/mpnn;psd95pdz3;unrestricted;seq_558_model_1_ptm_unrelaxed.pdb,PRTVTLTRGPLGLGFTISGGSGGTPIRISSILPGGPADLSGQLRVGDVILSVNGVDLRNATLAQAEAALAAAGETVTLVVEHRP,0.6071428571428571,95.572136,0.99665755,0.99666214,0.00014130847,0.38959685,0.38925818,0.008405193,0.17690644,0.17177582,0.08339352,8.0,True,1.5166977890479096
psd95pdz3_27,1.5075,,,False,False,1.0183666280883612,psd95pdz3,mpnn,unrestricted,seq_987,/home/bwittmann/GitRepos/MAPR/lab_test/predicted_structures/variants/mpnn;psd95pdz3;unrestricted;seq_987_model_1_ptm_unrelaxed.pdb,PRLVTLTRGADGLGFTITGGSGDEPIRISHILPGGPADLSGQLHVGDVILSVNGVDLRNATLEQAQAALATAGDTVTLVVERRP,0.6071428571428571,95.11595,0.9936975,0.993693,0.00017729776,0.5542776,0.5544026,0.00863535,-0.27927795,-0.28440857,0.08339352,8.0,True,1.5099434571315242
psd95pdz3_28,0.12075,,,False,False,-0.09812308156795654,psd95pdz3,evodiff_msa,constant_residues_2.5,seq_880,/home/bwittmann/GitRepos/MAPR/lab_test/predicted_structures/variants/evodiff_msa;psd95pdz3;constant_residues_2.5;seq_880_model_1_ptm_unrelaxed.pdb,PKTVTLIRSENGLGFNIVGGENEAGIFISFILANSPADRDKELRPGDQILSVNNKDLRDMSHEQAAIALKSAGNLVTIILLRRP,0.6547619047619048,93.70107,0.9810497,0.9810593,0.00025213853,1.033797,1.0332658,0.008750911,-1.6941568,-1.6992874,0.08339352,4.0,True,1.5071286966856468
psd95pdz3_29,0.1285,,,False,False,-0.0918834599708147,psd95pdz3,evodiff_seq,constant_residues_0.0,seq_376,/home/bwittmann/GitRepos/MAPR/lab_test/predicted_structures/variants/evodiff_seq;psd95pdz3;constant_residues_0.0;seq_376_model_1_ptm_unrelaxed.pdb,PRRVVIKKTSQGLGFNIVGGKDGLGIFISTILSNGPAAKDGELQKGDVIKSVNGIDLRSASHEDAAAALKQAGPLVTISAQRAK,0.6785714285714286,91.78404,0.99077827,0.9907837,0.0002045594,0.68319964,0.68324935,0.008428412,-3.6111872,-3.6163177,0.08339352,4.0,True,1.5061954007661114
psd95pdz3_30,1.5606875,0.027373477887668304,3.6649766346675774e-08,True,True,1.0611885472751976,psd95pdz3,mpnn,unrestricted,seq_274,/home/bwittmann/GitRepos/MAPR/lab_test/predicted_structures/variants/mpnn;psd95pdz3;unrestricted;seq_274_model_1_ptm_unrelaxed.pdb,PRTVTLTRGADGLGFTISGGSGGTGIYISSILPGGPADLSGKLAVGDEILSVNGVDLRNATLAQAETALANAGATVTLVVRHTP,0.6190476190476191,93.83714,0.99738574,0.997391,0.00011579661,0.34779185,0.34772882,0.00822735,-1.5580865,-1.5632172,0.08339352,8.0,True,1.5047365560844312
psd95pdz3_31,1.71625,,,False,False,1.1864338549791176,psd95pdz3,mpnn,unrestricted,seq_301,/home/bwittmann/GitRepos/MAPR/lab_test/predicted_structures/variants/mpnn;psd95pdz3;unrestricted;seq_301_model_1_ptm_unrelaxed.pdb,PRTVTLTRGADGLGFTISGGSGGEPIRISDILPGGPADASGQLHVGDVILSVNGVDLRNATLAEAEAALASAGATVTLVVRHEP,0.5833333333333334,95.20608,0.9965328,0.99653757,0.00016018462,0.3992791,0.39896178,0.009660402,-0.18915191,-0.19428253,0.08339352,8.0,True,1.5032717490992291
psd95pdz3_32,0.1102499999999999,,,False,False,-0.10657676244150364,psd95pdz3,evodiff_msa,constant_residues_2.5,seq_979,/home/bwittmann/GitRepos/MAPR/lab_test/predicted_structures/variants/evodiff_msa;psd95pdz3;constant_residues_2.5;seq_979_model_1_ptm_unrelaxed.pdb,PRSVNVLRYPNGLGFNIVGGENPKGIFISFILINGPADNSKELRVNDQILSVNNEDLRNHSHEQAAIALKNSQNTITIITRREP,0.6666666666666666,92.583336,0.9810843,0.9811158,0.0003337185,1.0184313,1.0179002,0.010244149,-2.8118932,-2.8170242,0.08339352,4.0,True,1.5015248347092152
psd95pdz3_33,0.1175,,,False,False,-0.10073969707643539,psd95pdz3,evodiff_msa,constant_residues_2.5,seq_479,/home/bwittmann/GitRepos/MAPR/lab_test/predicted_structures/variants/evodiff_msa;psd95pdz3;constant_residues_2.5;seq_479_model_1_ptm_unrelaxed.pdb,PRTVSTTKTAGGLGFNIVGGEDDQGIFISFILRSGPADRSHELREGDQILSVNGIDLRGISHEQAAIALKQHGNNATIIIRREP,0.6666666666666666,91.96452,0.98364836,0.9836385,0.00026399238,0.9734868,0.97364163,0.010152231,-3.4307063,-3.4358368,0.08339352,4.0,True,1.4973501976127508
psd95pdz3_34,1.565392857142857,0.0311852185681431,3.026677790195845e-15,True,True,1.0649768889591764,psd95pdz3,mpnn,unrestricted,seq_893,/home/bwittmann/GitRepos/MAPR/lab_test/predicted_structures/variants/mpnn;psd95pdz3;unrestricted;seq_893_model_1_ptm_unrelaxed.pdb,PRTVTLTRGEDGWGFTISGGSGGTGIRISSILPGGPADLSGQLHVGDEILSVNGVDLRNATLAQAEAALATAGETVTLVVRHTP,0.5952380952380952,94.08429,0.99552625,0.99551284,0.00017140941,0.4525189,0.4531703,0.008930454,-1.3109399,-1.3160706,0.08339352,8.0,True,1.4959869186375652
psd95pdz3_35,0.27275,,,False,False,0.024254012982438476,psd95pdz3,evodiff_seq,constant_residues_0.0,seq_120,/home/bwittmann/GitRepos/MAPR/lab_test/predicted_structures/variants/evodiff_seq;psd95pdz3;constant_residues_0.0;seq_120_model_1_ptm_unrelaxed.pdb,PRTVTIEKGSSGLGFNIVGGEDGEGIFISEIIANGSAALDGRLQQNDLILSVNDTNLRGMIHEQAASELKTLNKNIKIIAQFRK,0.5833333333333334,93.51785,0.9845434,0.9845351,0.00020747556,0.87611663,0.87664735,0.0062321913,-1.8773767,-1.8825073,0.08339352,8.0,True,1.477463358779311
psd95pdz3_36,1.6694642857142858,0.02608097509497607,5.864094151339506e-18,True,True,1.148766093263653,psd95pdz3,mpnn,unrestricted,seq_903,/home/bwittmann/GitRepos/MAPR/lab_test/predicted_structures/variants/mpnn;psd95pdz3;unrestricted;seq_903_model_1_ptm_unrelaxed.pdb,PRTVTLTRGALGLGFTITGGYGDTGIYISSILPGGPADLSGQLHVGDRILSVNGVDLRNATLAQAEAAIATAGDTVTLVVERTP,0.5833333333333334,93.72989,0.9770357,0.97703576,0.0001974133,1.1618388,1.161931,0.00522179,-1.6653405,-1.6704712,0.08339352,8.0,True,1.4741560722458695
psd95pdz3_37,0.1277499999999999,,,False,False,-0.09248729431892527,psd95pdz3,evodiff_msa,constant_residues_2.5,seq_577,/home/bwittmann/GitRepos/MAPR/lab_test/predicted_structures/variants/evodiff_msa;psd95pdz3;constant_residues_2.5;seq_577_model_1_ptm_unrelaxed.pdb,PRVLVAKKTDQGLGFNIVGGESERGIFISFILRYGPADRTHELRVGDQILSVNGIDLRGQSHEQAAIALKSATHEPTIIVERVP,0.6547619047619048,90.23702,0.98145163,0.9814737,0.00029086374,0.9721608,0.9713437,0.00860702,-5.158207,-5.1633377,0.08339352,4.0,True,1.4737550923364042
psd95pdz3_38,0.1185,,,False,False,-0.09993458461228805,psd95pdz3,evodiff_seq,constant_residues_0.0,seq_633,/home/bwittmann/GitRepos/MAPR/lab_test/predicted_structures/variants/evodiff_seq;psd95pdz3;constant_residues_0.0;seq_633_model_1_ptm_unrelaxed.pdb,SRRICIVRTSSGLGFNIVGGEDDRGIFISDILAGGVAELSNELRMGDRILSVNGTDLSGATHENAAALLKTPRGIVTIVGQRLA,0.6428571428571429,90.3706,0.9800611,0.9800613,0.0002362578,1.0506808,1.0508074,0.0073536346,-5.0246315,-5.0297623,0.08339352,4.0,True,1.4686418561812884
psd95pdz3_39,0.11875,,,False,False,-0.09973330649625121,psd95pdz3,evodiff_msa,constant_residues_2.5,seq_941,/home/bwittmann/GitRepos/MAPR/lab_test/predicted_structures/variants/evodiff_msa;psd95pdz3;constant_residues_2.5;seq_941_model_1_ptm_unrelaxed.pdb,PRIAENEKRNFGLGFNIVGGENDYGIFISFILKDTPADKKGELREGDQILSVNNIDLRDISHEQAAIALKKLNGKVTIIVKRTP,0.6309523809523809,90.05739,0.98003495,0.98005,0.00027176866,1.0181197,1.0178217,0.008720345,-5.337842,-5.342972,0.08339352,4.0,True,1.4603179484557385
psd95pdz3_40,0.3055,,,False,False,0.05062144618326372,psd95pdz3,evodiff_msa,constant_residues_0.0,seq_949,/home/bwittmann/GitRepos/MAPR/lab_test/predicted_structures/variants/evodiff_msa;psd95pdz3;constant_residues_0.0;seq_949_model_1_ptm_unrelaxed.pdb,PRHVTLHKNSAGLGFSIVGGQDTRSIFISRISSGGTAGNCDRLREGDQILKVNGTGLQGTTHAEAADMLKSCGEQISITVRRRP,0.4761904761904761,92.61405,0.9767189,0.9767295,0.00020511616,1.1329466,1.133155,0.007071129,-2.7811773,-2.7863083,0.08339352,2.0,True,1.4223854880931457
psd95pdz3_41,0.2195,,,False,False,-0.018618225733407143,psd95pdz3,evodiff_msa,constant_residues_0.0,seq_791,/home/bwittmann/GitRepos/MAPR/lab_test/predicted_structures/variants/evodiff_msa;psd95pdz3;constant_residues_0.0;seq_791_model_1_ptm_unrelaxed.pdb,PRTICLQKDAEPLGFKIVGGTDGLGIYITKILQNGPADISSRLMEGDRILEVNGENLRNMTHSEAAQILKNPPAVATIVVQRDP,0.5119047619047619,90.7838,0.9714342,0.97143483,0.00025063794,1.2258073,1.2258818,0.006862745,-4.611431,-4.616562,0.08339352,2.0,True,1.4125592968986973
psd95pdz3_42,0.11875,,,False,False,-0.09973330649625121,psd95pdz3,evodiff_msa,constant_residues_0.0,seq_109,/home/bwittmann/GitRepos/MAPR/lab_test/predicted_structures/variants/evodiff_msa;psd95pdz3;constant_residues_0.0;seq_109_model_1_ptm_unrelaxed.pdb,ARTVVIIKKDQNLGFSIVGGENKAGIFIASIRQNGPAELYKKLLVGDRITAVNNEKLMGLTHKQAASLLGSCKSLCTILVQLDP,0.4285714285714285,92.32298,0.98161453,0.9816406,0.00024555015,1.0101929,1.0094316,0.009002905,-3.0722468,-3.0773773,0.08339352,2.0,True,1.4074853024357823
psd95pdz3_43,0.1466666666666666,0.016735690405039506,0.999143667591345,False,False,-0.07725725020547147,psd95pdz3,evodiff_msa,constant_residues_0.0,seq_658,/home/bwittmann/GitRepos/MAPR/lab_test/predicted_structures/variants/evodiff_msa;psd95pdz3;constant_residues_0.0;seq_658_model_1_ptm_unrelaxed.pdb,SLTCYVKKNAKGLGFMIVGGEDTEGIYIRRIAPGGPAEKNNALREGDKIIVVNNQDLDQATHNEAARLLSAYNEEVKIEILRKP,0.4404761904761904,92.76322,0.969059,0.96907556,0.0003110421,1.3647631,1.3640804,0.0088997735,-2.6320078,-2.6371384,0.08339352,2.0,True,1.406328694457143
psd95pdz3_44,0.1188333333333333,0.006751543033509746,0.9999999999721951,False,False,-0.09966621379090562,psd95pdz3,evodiff_msa,constant_residues_0.0,seq_733,/home/bwittmann/GitRepos/MAPR/lab_test/predicted_structures/variants/evodiff_msa;psd95pdz3;constant_residues_0.0;seq_733_model_1_ptm_unrelaxed.pdb,PRTIDLEVEGEGLGFKIVGGNNDHAILIYYIAAGGVADIQNRLKPGDRIIAVNNVRLCEISHKEAAQLLKSSKKTAAIIIQYDP,0.4642857142857143,90.29666,0.97850966,0.97852564,0.00032039726,1.0327917,1.0328362,0.00894335,-5.098568,-5.1036987,0.08339352,2.0,True,1.396070989744455
psd95pdz3_45,0.13458333333333333,0.011198028100220735,0.999990888617727,False,False,-0.08698569248058506,psd95pdz3,evodiff_msa,constant_residues_0.0,seq_137,/home/bwittmann/GitRepos/MAPR/lab_test/predicted_structures/variants/evodiff_msa;psd95pdz3;constant_residues_0.0;seq_137_model_1_ptm_unrelaxed.pdb,PKILNIVNPDTSLGFTIVGGHHGNEILIAEIEPNGPANFCKFLKFGHEILEVNSSDLNKQPHAIAANVLRSANDLVEITVQRKS,0.4047619047619047,91.115585,0.9733498,0.97336495,0.00031091183,1.250677,1.2501044,0.010402006,-4.279644,-4.284775,0.08339352,2.0,True,1.3813877567973
psd95pdz3_46,0.18416666666666667,0.010750968948580101,0.9998195976205437,False,False,-0.04706553279994633,psd95pdz3,evodiff_msa,constant_residues_0.0,seq_634,/home/bwittmann/GitRepos/MAPR/lab_test/predicted_structures/variants/evodiff_msa;psd95pdz3;constant_residues_0.0;seq_634_model_1_ptm_unrelaxed.pdb,PRIQHLRNSRAGLGFSIVGGSNGDGIFIEQIAPDSPADKSHSLRKGDRIISVDGQQLLGLTHALAANLLKQSVKTLEITVERDP,0.4523809523809524,89.11667,0.976156,0.9761816,0.00025647736,1.147774,1.1474328,0.008069348,-6.2785606,-6.2836914,0.08339352,2.0,True,1.3784031486491326
psd95pdz3_47,0.11441666666666661,0.003467107343785836,1.0,False,False,-0.10322212717422305,psd95pdz3,evodiff_msa,unrestricted,seq_628,/home/bwittmann/GitRepos/MAPR/lab_test/predicted_structures/variants/evodiff_msa;psd95pdz3;unrestricted;seq_628_model_1_ptm_unrelaxed.pdb,PKTVVVYKGREPLSVEIVDLNSGTGVFISQVFVSAPASRCGKLEEGDEIISIGAHNCREAMLTEILDAIAKSGNKITLIILRRP,0.3095238095238095,94.262024,0.9557466,0.95574784,0.00033505954,1.6391098,1.6394472,0.006989047,-1.1332055,-1.1383362,0.08339352,7.0,True,1.3761649725827574
psd95pdz3_48,0.12708333333333327,0.006022527155051613,0.9999999999973932,False,False,-0.09302403596169014,psd95pdz3,evodiff_msa,constant_residues_0.0,seq_267,/home/bwittmann/GitRepos/MAPR/lab_test/predicted_structures/variants/evodiff_msa;psd95pdz3;constant_residues_0.0;seq_267_model_1_ptm_unrelaxed.pdb,PRRVELTAGEKGLGFSIVGGIESEPILIAAIVPGGPADRSKSLHADHTIIQVDGLNLKSLTHETAAKVLRDQCLKAEIIVKYDP,0.4285714285714285,89.207504,0.98148227,0.98148596,0.00024049032,0.95696837,0.95675576,0.006590302,-6.187726,-6.192856,0.08339352,2.0,True,1.375644459441062
psd95pdz3_49,0.10516666666666663,0.004041451884327429,1.0,False,False,-0.11066941746758588,psd95pdz3,evodiff_msa,constant_residues_0.0,seq_978,/home/bwittmann/GitRepos/MAPR/lab_test/predicted_structures/variants/evodiff_msa;psd95pdz3;constant_residues_0.0;seq_978_model_1_ptm_unrelaxed.pdb,PRMATLLRGERELGFAIVGGVEGEGIFIARIVPEGAASKCARLQIGDEIQAVAGVRLAGRTHAAAAAMLTEPGDMVRIRVRRRP,0.4285714285714285,90.21131,0.9676939,0.9676999,0.00024636625,1.3427054,1.3427105,0.006739044,-5.183918,-5.189049,0.08339352,2.0,True,1.375131007281541
psd95pdz3_50,0.12625,0.007128288714691633,0.9999999997060232,False,False,-0.0936949630151462,psd95pdz3,evodiff_msa,unrestricted,seq_202,/home/bwittmann/GitRepos/MAPR/lab_test/predicted_structures/variants/evodiff_msa;psd95pdz3;unrestricted;seq_202_model_1_ptm_unrelaxed.pdb,PRRVRLVKGSRALGFGLADDTEDWGVIVEKIHPGGAAERCGRLQEDDQIVAINGQDVRGCLARSVVSILKSAAGEVSILVVNRP,0.3333333333333333,91.94381,0.9524791,0.95249045,0.00032023902,1.6619724,1.6619134,0.0058767246,-3.4514196,-3.4565506,0.08339352,7.0,True,1.3543347576614362
psd95pdz3_51,0.22283333333333336,0.04175623705907099,0.7497679095441654,False,False,-0.015934517519582674,psd95pdz3,evodiff_msa,unrestricted,seq_517,/home/bwittmann/GitRepos/MAPR/lab_test/predicted_structures/variants/evodiff_msa;psd95pdz3;unrestricted;seq_517_model_1_ptm_unrelaxed.pdb,PNEVIMKTTGHPFGISFKGGSGDAGVFIKNIYAGGIASKTKKLKEGDLVLQINNVNIRNHSHDEAVLMIKEAGDSVFLECEKKP,0.3452380952380952,89.869644,0.96199125,0.96202135,0.00025286138,1.4557211,1.4552255,0.006687449,-5.525586,-5.530716,0.08339352,7.0,True,1.3428992593986926
psd95pdz3_52,0.2001666666666667,0.004193248541803029,0.9999997884591294,False,False,-0.03418373337358895,psd95pdz3,evodiff_msa,constant_residues_0.0,seq_106,/home/bwittmann/GitRepos/MAPR/lab_test/predicted_structures/variants/evodiff_msa;psd95pdz3;constant_residues_0.0;seq_106_model_1_ptm_unrelaxed.pdb,PKTVTVIDNFADLGFTIVGGQGDTPILITKIQPNGIAEEAGKLLIGDQIISVNGENLTGATHAQAAALLRKEHPEVVITIQRDN,0.3928571428571428,88.16178,0.9585266,0.95852244,0.00031782003,1.619801,1.6200101,0.009335599,-7.2334485,-7.238579,0.08339352,2.0,True,1.3361240009003692
psd95pdz3_53,0.25816666666666666,0.03571530950913533,0.2668878284370606,False,False,0.012512789546956494,psd95pdz3,evodiff_msa,unrestricted,seq_380,/home/bwittmann/GitRepos/MAPR/lab_test/predicted_structures/variants/evodiff_msa;psd95pdz3;unrestricted;seq_380_model_1_ptm_unrelaxed.pdb,PERAEIAKVSGSLGVVIKKNLACKGCFIHSVIPGSPAESTGEILIGDRILEVNDMDVKGMSKQEIIDLIKKCENTLAIEVQRDP,0.3333333333333333,90.131676,0.9524376,0.9524525,0.00031003202,1.6863977,1.6861732,0.007041837,-5.2635536,-5.2686844,0.08339352,7.0,True,1.3351048310456737
psd95pdz3_54,0.5285,0.025980361172752518,6.963089411388642e-11,True,True,0.23016152568811957,psd95pdz3,evodiff_msa,unrestricted,seq_116,/home/bwittmann/GitRepos/MAPR/lab_test/predicted_structures/variants/evodiff_msa;psd95pdz3;unrestricted;seq_116_model_1_ptm_unrelaxed.pdb,PQTVSLNRNDTGLGLSVYARKNGAEIYVDEVFDNSEAARQNDLKPGHEILEINNLDVEGQTHAQLVDLIKQAGDNVKLVIRRTP,0.2619047619047619,89.833694,0.96914023,0.96912456,0.00021569841,1.3009355,1.301378,0.0053884685,-5.561536,-5.5666656,0.08339352,7.0,True,1.3287618874842428
psd95pdz3_55,0.10241666666666664,0.00790701165632969,0.9999999992756965,False,False,-0.11288347674399106,psd95pdz3,evodiff_msa,unrestricted,seq_750,/home/bwittmann/GitRepos/MAPR/lab_test/predicted_structures/variants/evodiff_msa;psd95pdz3;unrestricted;seq_750_model_1_ptm_unrelaxed.pdb,PRTVTLVMREGPLGIHLLSDDTTKGVYVERVTAGGIASLERLLTEDDVLLRINCVDILGMTHDEVIGTIKTLGDRITLIIRKAP,0.2619047619047619,90.50548,0.95807004,0.9580585,0.00020935977,1.5070385,1.5074548,0.004323401,-4.8897514,-4.894882,0.08339352,7.0,True,1.3270991001494004
psd95pdz3_56,0.12625,,,False,False,-0.0936949630151462,psd95pdz3,evodiff_msa,unrestricted,seq_942,/home/bwittmann/GitRepos/MAPR/lab_test/predicted_structures/variants/evodiff_msa;psd95pdz3;unrestricted;seq_942_model_1_ptm_unrelaxed.pdb,PRSVLVLKPDGSLGIQLLTGTNGAGVLIQDVTARSPAAKDGIVKPGDQILKINNLPVASATAADVLTIAVRSAHSVEFLITPAP,0.25,90.03453,0.94877267,0.948778,0.0002941389,1.6732957,1.6733687,0.0059850756,-5.3606997,-5.3658295,0.08339352,7.0,True,1.3124056545366765
psd95pdz3_57,0.21558333333333335,0.055700276779683366,0.7549187076851018,False,False,-0.02177158288465086,psd95pdz3,evodiff_msa,constant_residues_0.0,seq_54,/home/bwittmann/GitRepos/MAPR/lab_test/predicted_structures/variants/evodiff_msa;psd95pdz3;constant_residues_0.0;seq_54_model_1_ptm_unrelaxed.pdb,PETVTSCADKTDLGFTIVGGPNRHAIYINQIRPIGPAASCKALHVGDRIMEVNGQNLISACHEEAAAMLRQGAEVAKILVVRAP,0.369047619047619,84.72096,0.95809656,0.9581208,0.00039864457,1.6146841,1.6146113,0.0113357315,-10.674268,-10.679398,0.08339352,7.0,True,1.294519808966154
psd95pdz3_58,0.6265416666666667,0.03496262885806311,4.1035181402666074e-08,True,True,0.30909609352723133,psd95pdz3,evodiff_msa,unrestricted,seq_624,/home/bwittmann/GitRepos/MAPR/lab_test/predicted_structures/variants/evodiff_msa;psd95pdz3;unrestricted;seq_624_model_1_ptm_unrelaxed.pdb,PRVCMIANDEAGFGFSIHGGPNNGVVSIVGVDEHSLTSEHNDLREGDRLIDINGAVVDNLRREEALDVIEHRAPTLVLTVERSP,0.25,86.02083,0.9704441,0.970458,0.00021030952,1.2865136,1.2869415,0.0067909393,-9.374402,-9.379532,0.08339352,7.0,True,1.2882310626925808
psd95pdz3_59,0.2288333333333333,0.003785938897200249,0.9845271553523887,False,False,-0.0111038427346987,psd95pdz3,evodiff_msa,unrestricted,seq_764,/home/bwittmann/GitRepos/MAPR/lab_test/predicted_structures/variants/evodiff_msa;psd95pdz3;unrestricted;seq_764_model_1_ptm_unrelaxed.pdb,PHFIELKKKPNAIGMLLNGPNDSAAVFIQNIIEGGHVETSRTLDVGDSILQINGQRLALEDAHTTLMIASANDTSAVFRIENQP,0.238095238095238,85.69928,0.9405112,0.9405109,0.00040318465,1.8183905,1.818685,0.009107745,-9.69595,-9.70108,0.08339352,7.0,True,1.258160169546548
psd95pdz3_60,0.154,0.011056672193748,0.999976430239708,False,False,-0.07135309213505764,psd95pdz3,evodiff_msa,unrestricted,seq_862,/home/bwittmann/GitRepos/MAPR/lab_test/predicted_structures/variants/evodiff_msa;psd95pdz3;unrestricted;seq_862_model_1_ptm_unrelaxed.pdb,PQNVFCDRDSGGFGFAFAGGAETAPVYLASIRDNGNSDARRIVRPGDRLVTINGSSLKNMTIYDVESVLSRAFFPSKLCILTEP,0.25,83.5531,0.95738935,0.9574026,0.0001832004,1.5825325,1.5823227,0.004495042,-11.842129,-11.8472595,0.08339352,3.0,True,1.2528606479118778
psd95pdz3_61,0.11716666666666666,0.0069477214490315685,0.9999999999447677,False,False,-0.10100806789781783,psd95pdz3,evodiff_msa,unrestricted,seq_41,/home/bwittmann/GitRepos/MAPR/lab_test/predicted_structures/variants/evodiff_msa;psd95pdz3;unrestricted;seq_41_model_1_ptm_unrelaxed.pdb,VQKFVLQKGPYGLGIGIARNVEGHALHITALEDHGAAEERGKIRIGDIIVTVKGEATINYSHSSLAKPLRNTGDTFHVTFIRKP,0.3214285714285714,78.1625,0.952283,0.9522748,0.0002328255,1.7119675,1.7122858,0.005198675,-17.23273,-17.237862,0.08339352,3.0,True,1.2145995817288855
psd95pdz3_62,0.2793333333333334,0.019255410495061732,0.02852326849400422,True,True,0.02955433670474181,psd95pdz3,evodiff_msa,unrestricted,seq_724,/home/bwittmann/GitRepos/MAPR/lab_test/predicted_structures/variants/evodiff_msa;psd95pdz3;unrestricted;seq_724_model_1_ptm_unrelaxed.pdb,PKQVILRKRDDDLNLIISSGDVNEGVYIKNINRKDITECCGLINQGDTLTKTNGTDLRNKTISEMKDILEKADNEVVITVFNYP,0.2619047619047619,80.71893,0.93823427,0.93826157,0.0002911612,1.9273236,1.9267967,0.005382888,-14.676296,-14.681427,0.08339352,3.0,True,1.2118168907008902
psd95pdz3_63,0.3149375,0.012527261938135874,6.252290133923836e-06,True,True,0.05821969506365419,psd95pdz3,evodiff_msa,unrestricted,seq_647,/home/bwittmann/GitRepos/MAPR/lab_test/predicted_structures/variants/evodiff_msa;psd95pdz3;unrestricted;seq_647_model_1_ptm_unrelaxed.pdb,PRVVIKSKGVDDIGLNIGESSQGKVVNVTNIMKNGIAQQAGKIREGDDVIRVNNAHIERDNISSVLQSIRAVKKRVLLEIRPKP,0.2261904761904762,82.48619,0.91624856,0.9162374,0.00024356846,2.2637138,2.263866,0.0037626117,-12.909039,-12.914169,0.08339352,3.0,True,1.2034166668896114
psd95pdz3_64,0.14783333333333326,0.013323694432601408,0.9998581005068243,False,False,-0.07631795233063293,psd95pdz3,evodiff_msa,unrestricted,seq_895,/home/bwittmann/GitRepos/MAPR/lab_test/predicted_structures/variants/evodiff_msa;psd95pdz3;unrestricted;seq_895_model_1_ptm_unrelaxed.pdb,PQHVELENAGRGVGVLLKSGIEPKGTWLYEVFEEGAAAKDGALKAGDAVLRFDELPIGGKAFEQLRAEVQTEGLSVVFYLLREP,0.2023809523809523,82.258575,0.9070192,0.9070039,0.00036831343,2.4122534,2.4124765,0.0073014926,-13.136654,-13.141785,0.08339352,3.0,True,1.189133316062623
psd95pdz3_65,0.13241666666666668,0.0020966242709015226,0.9999999999999999,False,False,-0.08873010281957094,psd95pdz3,evodiff_msa,unrestricted,seq_734,/home/bwittmann/GitRepos/MAPR/lab_test/predicted_structures/variants/evodiff_msa;psd95pdz3;unrestricted;seq_734_model_1_ptm_unrelaxed.pdb,PYSLQLANGAPQRFSTLLGGVGEHGVFIREVMFGTRAERELLIQKGDSILEVNNVKVQGMSLQQVTKLIRKVLKTVELYLNFSP,0.2619047619047619,77.40667,0.9091712,0.9091476,0.00024297886,2.4234612,2.4237995,0.0044708312,-17.98856,-17.99369,0.08339352,3.0,True,1.1558876201211914
psd95pdz3_66,0.37206249999999996,0.03499784219538876,0.0015092832819552152,True,True,0.10421174457807073,psd95pdz3,evodiff_msa,unrestricted,seq_705,/home/bwittmann/GitRepos/MAPR/lab_test/predicted_structures/variants/evodiff_msa;psd95pdz3;unrestricted;seq_705_model_1_ptm_unrelaxed.pdb,PRSLTLEHDGDGLGFRIAKSKADVGVVLTSVSPGSGSSKVGNLKKGDRLLRIEAQNLSNGVWGSHTVVSGPSQTQLRLLVKYDP,0.2261904761904762,76.95453,0.9142541,0.9142554,0.00017247049,2.492723,2.4927812,0.0030675724,-18.4407,-18.445831,0.08339352,3.0,True,1.1482960911459923
psd95pdz3_67,0.11108333333333333,0.008460693430998038,0.9999999914534681,False,False,-0.10590583538804745,psd95pdz3,evodiff_msa,unrestricted,seq_941,/home/bwittmann/GitRepos/MAPR/lab_test/predicted_structures/variants/evodiff_msa;psd95pdz3;unrestricted;seq_941_model_1_ptm_unrelaxed.pdb,PRTITLYAGPRGFDFTLVGGPSSTIVSAVRLAEDVPAKLNGNLHAGDQILQINGQNVLGCTHAEIVTLIREHSRPVTIVVSRTP,0.3095238095238095,74.77988,0.90388507,0.9038601,0.0002955424,2.3784535,2.3788228,0.0044396296,-20.615355,-20.620483,0.08339352,3.0,True,1.1396262785897822
psd95pdz3_68,0.453125,0.01612819735742345,9.380461322335654e-13,True,True,0.16947617370301415,psd95pdz3,evodiff_msa,unrestricted,seq_213,/home/bwittmann/GitRepos/MAPR/lab_test/predicted_structures/variants/evodiff_msa;psd95pdz3;unrestricted;seq_213_model_1_ptm_unrelaxed.pdb,PRTIVLQKGTDGLGFKLNGRLDPEVSLGRSDDDDVVGENDKKLTAGNELVSIDGISISGMNLDEAITALKQANTTVTLTVRQQP,0.2976190476190476,73.41809,0.9194524,0.91945255,0.00020968083,2.1843472,2.1842623,0.00358443,-21.977139,-21.98227,0.08339352,3.0,True,1.1380185341815392
psd95pdz3_69,0.12933333333333333,0.006751543033509704,0.9999999999106892,False,False,-0.09121253291735858,psd95pdz3,evodiff_msa,unrestricted,seq_749,/home/bwittmann/GitRepos/MAPR/lab_test/predicted_structures/variants/evodiff_msa;psd95pdz3;unrestricted;seq_749_model_1_ptm_unrelaxed.pdb,PKMLVKIKPTSPLGVILADGEGETGVVIHDIAALDRRFSFAIAKEQDNIVAILGESLLGMTTEEISQLLKAHSKEIYLNLTYDP,0.2261904761904762,68.45321,0.8951869,0.895167,0.0002802043,2.5065126,2.5067825,0.004459755,-26.942019,-26.947151,0.08339352,3.0,True,1.0575967890516382
psd95pdz3_70,1.014125,0.02698784448599033,3.993236313164055e-12,True,True,0.6211442660896694,psd95pdz3,evodiff_seq,unrestricted,seq_145,/home/bwittmann/GitRepos/MAPR/lab_test/predicted_structures/variants/evodiff_seq;psd95pdz3;unrestricted;seq_145_model_1_ptm_unrelaxed.pdb,MKIKILEDNFLKTHIENCYAQLPYDPYDNKEMKYYQDKYKKIMKEKQDAAEAERKQRLDKTKKLAKEAQEKSKKQKQSQNRPFH,0.0238095238095238,78.359634,0.18180531,0.18180004,0.00014436446,25.374302,25.374207,0.0038363822,-17.035595,-17.040726,0.08339352,5.0,True,0.6978043068867501
psd95pdz3_71,0.27341666666666664,0.013680125486753887,0.014564435606335776,True,True,0.024790754625203353,psd95pdz3,evodiff_seq,unrestricted,seq_354,/home/bwittmann/GitRepos/MAPR/lab_test/predicted_structures/variants/evodiff_seq;psd95pdz3;unrestricted;seq_354_model_1_ptm_unrelaxed.pdb,EIHGYQLMELEHKAREVFDVALKEVSSSFRKNLKNLSEEVVSIVDEHLSEGRITSATCLVGDCCELKLTDALDNQTIKFTVQGF,0.0119047619047619,76.790955,0.17532364,0.17532763,0.00014102647,22.37131,22.37102,0.00399029,-18.604275,-18.609406,0.08339352,5.0,True,0.6716674617766168
psd95pdz3_72,0.1640833333333333,0.004140752749601566,0.9999999999977867,False,False,-0.06323487478823869,psd95pdz3,evodiff_seq,unrestricted,seq_135,/home/bwittmann/GitRepos/MAPR/lab_test/predicted_structures/variants/evodiff_seq;psd95pdz3;unrestricted;seq_135_model_1_ptm_unrelaxed.pdb,MVGKKVLVVEDDEKDQSLTREYLEKNFPEAEVKVISAKYQSVFESMQRLEDLFHEFKKRNLEIQQFERDNNLKLISAEEWTGLF,0.0714285714285714,72.461075,0.22957034,0.22957163,0.00013213178,19.84832,19.84877,0.0047725886,-22.934155,-22.939285,0.08339352,5.0,True,0.6198709986321106
psd95pdz3_73,0.10958333333333325,0.007795564978456253,0.9999999991711379,False,False,-0.10711350408426852,psd95pdz3,evodiff_seq,unrestricted,seq_290,/home/bwittmann/GitRepos/MAPR/lab_test/predicted_structures/variants/evodiff_seq;psd95pdz3;unrestricted;seq_290_model_1_ptm_unrelaxed.pdb,MLGFYFKFVLQVKCMGVILSYMLYNVVLVYGLWQWKKQRDVATAAEHESLQSLRAAHSIKPDPADGATIVGAHGGIATHVMERA,0.0357142857142857,72.457016,0.11024313,0.11023831,0.00013722236,29.693665,29.693716,0.0052842055,-22.938213,-22.943344,0.08339352,5.0,True,0.5968646850376639
psd95pdz3_74,0.1088333333333333,0.006825198409814482,0.9999999999860065,False,False,-0.10771733843237898,psd95pdz3,evodiff_seq,unrestricted,seq_404,/home/bwittmann/GitRepos/MAPR/lab_test/predicted_structures/variants/evodiff_seq;psd95pdz3;unrestricted;seq_404_model_1_ptm_unrelaxed.pdb,MNPIRELINPSILSMAVLAGGSFALSFGLFIVPYVSTGYNDDFKEAFSKELAPILIVIVVIAISRAIERLIEAPFRQNDRPASK,0.0952380952380952,69.13595,0.17591006,0.17592517,0.00013677527,19.49927,19.499311,0.0050963867,-26.25928,-26.264412,0.08339352,5.0,True,0.55936743405623
psd95pdz3_75,0.12258333333333334,0.008559838394113135,0.9999999740690674,False,False,-0.09664704205035309,psd95pdz3,evodiff_seq,unrestricted,seq_672,/home/bwittmann/GitRepos/MAPR/lab_test/predicted_structures/variants/evodiff_seq;psd95pdz3;unrestricted;seq_672_model_1_ptm_unrelaxed.pdb,MSDRATPHPEPHGEPSGPRASSTSSVGTAVAILCLIIGVTAFVVLAVGLQRAEMGVADMVWFTGAAIAITISVGLTFARSRGRA,0.0476190476190476,69.83392,0.13129818,0.13128915,9.807781e-05,25.866783,25.866943,0.004370465,-25.561306,-25.566437,0.08339352,5.0,True,0.5575891519809045
psd95pdz3_76,0.17366666666666666,0.0035472994422987847,0.9999999999896537,False,False,-0.05551921367349336,psd95pdz3,evodiff_seq,unrestricted,seq_824,/home/bwittmann/GitRepos/MAPR/lab_test/predicted_structures/variants/evodiff_seq;psd95pdz3;unrestricted;seq_824_model_1_ptm_unrelaxed.pdb,MTYSEPTPPQCDAQNMHIHTIQQVLDDPELWPEIGEWVLHFYEQTFGREVTGAYLEGLFWDFRELDGLSKDTGAHTTTRSSSSG,0.0595238095238095,66.764885,0.2775637,0.27755508,0.00019574512,14.9693985,14.969318,0.0039004965,-28.630344,-28.635475,0.08339352,5.0,True,0.5494311339428561
psd95pdz3_77,0.43760000000000004,0.04325852517134628,0.00014058592468459366,True,True,0.1569768026971268,psd95pdz3,evodiff_seq,unrestricted,seq_816,/home/bwittmann/GitRepos/MAPR/lab_test/predicted_structures/variants/evodiff_seq;psd95pdz3;unrestricted;seq_816_model_1_ptm_unrelaxed.pdb,MSGAPDLEKDKLWRRLIEQIPREPVDLDAVPEQVESGIDLTGSQIPPEMAADIEDLYRAAVLAQEIDLDTLRRIADKKRRGLAV,0.0476190476190476,67.468445,0.22185585,0.22187136,0.00016843712,18.52623,18.526514,0.0038945244,-27.926785,-27.931915,0.08339352,5.0,True,0.5386860599801144
psd95pdz3_78,0.3697,0.042233872661644446,0.000819132419716258,True,True,0.10230966638152265,psd95pdz3,evodiff_seq,unrestricted,seq_449,/home/bwittmann/GitRepos/MAPR/lab_test/predicted_structures/variants/evodiff_seq;psd95pdz3;unrestricted;seq_449_model_1_ptm_unrelaxed.pdb,MATAVRMQGKYDLQIARQRDEVLSALRSGAVSTAQAAETMNLSRTAVWRAIRKLEAAGYVEVANNRGALRGNRVLPPVGKSFGL,0.0952380952380952,66.880844,0.2222229,0.22222859,0.00027044967,15.366216,15.366524,0.005516254,-28.514385,-28.519516,0.08339352,5.0,True,0.5363599618178321
psd95pdz3_79,0.09916666666666667,0.008693867570496651,0.9999999920091743,False,False,-0.11550009225246988,psd95pdz3,evodiff_seq,unrestricted,seq_924,/home/bwittmann/GitRepos/MAPR/lab_test/predicted_structures/variants/evodiff_seq;psd95pdz3;unrestricted;seq_924_model_1_ptm_unrelaxed.pdb,MIKVLGFDFITKGQSDQYLVKINFQKANSIEFLPYLFGSERPELYKNLTLEYFLDESEETDANRISVIIQHSDLNISLISISIT,0.0476190476190476,63.261196,0.29208186,0.29208714,0.00014057892,12.484522,12.484311,0.003828613,-32.134033,-32.139164,0.08339352,9.0,True,0.5041583071001046
psd95pdz3_80,0.11566666666666668,0.0005773502691896263,1.0,False,False,-0.10221573659403883,psd95pdz3,evodiff_seq,unrestricted,seq_835,/home/bwittmann/GitRepos/MAPR/lab_test/predicted_structures/variants/evodiff_seq;psd95pdz3;unrestricted;seq_835_model_1_ptm_unrelaxed.pdb,MITAAPALHLRAEQASLVGPRVQESGSGGGFSPALSSSGSGGQVAGRDVSGGSTLAALLWALWVAGTVAGTATLVARAHRDRSA,0.0952380952380952,65.25893,0.17266707,0.17265512,0.00015164114,20.428417,20.428226,0.0037872521,-30.136303,-30.141434,0.08339352,5.0,True,0.4988977996488787
psd95pdz3_81,0.1138333333333333,0.005795112883571279,0.9999999999998515,False,False,-0.10369177611164229,psd95pdz3,evodiff_seq,unrestricted,seq_221,/home/bwittmann/GitRepos/MAPR/lab_test/predicted_structures/variants/evodiff_seq;psd95pdz3;unrestricted;seq_221_model_1_ptm_unrelaxed.pdb,MAVGALLLLLVRSADKDAVPTRTISEGFPFRVVRQATGRTSMSDKEEQGANIARCYMAAGLNDNEQRLATAAIMLEERDWKAVR,0.0476190476190476,59.209873,0.2606258,0.2606438,0.00016914489,15.074554,15.074915,0.005779351,-36.185356,-36.190487,0.08339352,9.0,True,0.4312828990225896
psd95pdz3_82,0.1105833333333333,0.00938527215020079,0.9999999009089674,False,False,-0.10630839162012116,psd95pdz3,evodiff_seq,unrestricted,seq_20,/home/bwittmann/GitRepos/MAPR/lab_test/predicted_structures/variants/evodiff_seq;psd95pdz3;unrestricted;seq_20_model_1_ptm_unrelaxed.pdb,MEKGHNRRESPVESWRRWARRTWRASAWTSPIAVAAGLALIFGAYWISTEAQMLESLKGLSPPASYYTWLQQIAPRFWWSQLNR,0.0714285714285714,60.386543,0.16542277,0.16541706,9.235703e-05,18.181843,18.181625,0.004718747,-35.008686,-35.013817,0.08339352,9.0,True,0.4179810994340436
psd95pdz3_83,0.13408333333333333,0.003826987501068348,0.9999999999999991,False,False,-0.08738824871265874,psd95pdz3,evodiff_seq,unrestricted,seq_266,/home/bwittmann/GitRepos/MAPR/lab_test/predicted_structures/variants/evodiff_seq;psd95pdz3;unrestricted;seq_266_model_1_ptm_unrelaxed.pdb,MMIPQRVRQLVQEQLAHQSKLLLSAAELRAIFDEDNINKLIREGNVLWDRGSYKEVTLHHLVRLLDEILCIKSSRYSYRGSLAG,0.0357142857142857,56.89298,0.28559005,0.28558648,0.00015667538,16.37079,16.370844,0.0045417966,-38.50225,-38.50738,0.08339352,9.0,True,0.4112856531057454
psd95pdz3_84,0.10116666666666667,0.006394985014316555,0.9999999999992103,False,False,-0.1138898673241752,psd95pdz3,evodiff_seq,unrestricted,seq_750,/home/bwittmann/GitRepos/MAPR/lab_test/predicted_structures/variants/evodiff_seq;psd95pdz3;unrestricted;seq_750_model_1_ptm_unrelaxed.pdb,MPLLMKGYGIFYVLTCVFKSFIRTLDANLFGTHLMLLFNYKLPSRRNTPILTDTRLRINVQLLIGIWYLTLYPGINNSLAKQVI,0.0595238095238095,59.71822,0.18404873,0.18406337,0.00013823602,19.573519,19.57415,0.0043744897,-35.677013,-35.68214,0.08339352,9.0,True,0.4106041922211416
psd95pdz3_85,0.1238333333333333,0.02328805129961144,0.9973589326087082,False,False,-0.09564065147016895,psd95pdz3,evodiff_seq,unrestricted,seq_930,/home/bwittmann/GitRepos/MAPR/lab_test/predicted_structures/variants/evodiff_seq;psd95pdz3;unrestricted;seq_930_model_1_ptm_unrelaxed.pdb,MGTISISHTRENIFYTKYLSYLRSNGIKKSEIATIWSIDLFSQGSELLLHRLATGLGLIFSLHPRFVIFQNQAKRAIYCKTRYY,0.0595238095238095,58.12095,0.24502939,0.24505222,0.00013768443,14.505235,14.505638,0.0057098903,-37.27428,-37.27941,0.08339352,9.0,True,0.409925154964781
psd95pdz3_86,0.12775,0.00740354644748043,0.9999999990266778,False,False,-0.09248729431892519,psd95pdz3,evodiff_seq,unrestricted,seq_742,/home/bwittmann/GitRepos/MAPR/lab_test/predicted_structures/variants/evodiff_seq;psd95pdz3;unrestricted;seq_742_model_1_ptm_unrelaxed.pdb,MVALNPSKTQHYISVYHLILLLAYLTTLMGGLAEIAPSRPTSSTMFDTAKCFTAPCSWSNIKWTVEIGDRLSTSKATSLSRTWR,0.0595238095238095,58.65667,0.17117947,0.171182,0.00012230789,20.787025,20.787289,0.004175158,-36.73856,-36.74369,0.08339352,9.0,True,0.3908644402950865
psd95pdz3_87,0.15625,0.015962847490344573,0.9991003131521978,False,False,-0.06954158909072612,psd95pdz3,evodiff_seq,unrestricted,seq_789,/home/bwittmann/GitRepos/MAPR/lab_test/predicted_structures/variants/evodiff_seq;psd95pdz3;unrestricted;seq_789_model_1_ptm_unrelaxed.pdb,MSLSKEQIQHDVNTLISWLTENFELEYLAVVESDKDDQDDITDEEKFWIETLRAKLRSRPILDRREAEKILVDDMENGRLIEVK,0.0357142857142857,50.32441,0.32419312,0.32419616,0.00012226067,11.557272,11.557207,0.0044998224,-45.07082,-45.07595,0.08339352,1.0,True,0.3573187157657713
psd95pdz3_88,0.1285,0.0049812147112928236,0.9999999999999766,False,False,-0.0918834599708147,psd95pdz3,evodiff_seq,unrestricted,seq_719,/home/bwittmann/GitRepos/MAPR/lab_test/predicted_structures/variants/evodiff_seq;psd95pdz3;unrestricted;seq_719_model_1_ptm_unrelaxed.pdb,MNTQLRGLSLAIPVEGIETCLVNQQRTSITRLLLALNRFFFFFDGATGGSSSVRDQVGVVASDSMRQTEEESTLLLRSEARESI,0.0476190476190476,55.954044,0.18477985,0.18477094,0.00020842026,23.607582,23.607643,0.0041319625,-39.441185,-39.446316,0.08339352,9.0,True,0.3521025224667117
psd95pdz3_89,0.11316666666666668,0.00623665241402255,0.9999999999986987,False,False,-0.10422851775440717,psd95pdz3,evodiff_seq,unrestricted,seq_675,/home/bwittmann/GitRepos/MAPR/lab_test/predicted_structures/variants/evodiff_seq;psd95pdz3;unrestricted;seq_675_model_1_ptm_unrelaxed.pdb,MISRRRLMKRIRNFTLGLKIISTIRGYSNRNSLTIEKEREEGLVRSIWINKPDGGYKEDYNKRNNNYINSIEYSHKNSDLGNRK,0.0357142857142857,48.999165,0.30126628,0.3012572,0.00019606511,15.922547,15.9226,0.0039066924,-46.396065,-46.401196,0.08339352,1.0,True,0.3247227341952078
psd95pdz3_90,0.10841666666666666,0.0030855847635956057,1.0,False,False,-0.10805280195910702,psd95pdz3,evodiff_seq,unrestricted,seq_973,/home/bwittmann/GitRepos/MAPR/lab_test/predicted_structures/variants/evodiff_seq;psd95pdz3;unrestricted;seq_973_model_1_ptm_unrelaxed.pdb,MVQIEKIKAGINVEILRQGRRLTFVDAFHMIQDILNDPEKRVEIRLNKKVEEIGLFVEYSFKTTAQLINKAIEATMKIQIQIEQ,0.1071428571428571,52.10655,0.21532002,0.21533287,0.00016957738,18.214972,18.215199,0.003718647,-43.28868,-43.29381,0.08339352,9.0,True,0.3236965024948003
psd95pdz3_91,0.15666666666666662,0.00575724181647196,0.9999999999109863,False,False,-0.0692061255639981,psd95pdz3,evodiff_msa,unrestricted,seq_261,/home/bwittmann/GitRepos/MAPR/lab_test/predicted_structures/variants/evodiff_msa;psd95pdz3;unrestricted;seq_261_model_1_ptm_unrelaxed.pdb,PQRVETIPPPGESGITLEWSCTCAGVYVKDVKPRGRSEMQRYLLQGQVVMQFGEQSWSGETMDALVAKLMRHVPCKLRMMQRKS,0.119047619047619,46.29821,0.29833722,0.29834422,0.00016701916,14.282126,14.281912,0.0033194989,-49.097023,-49.10215,0.08339352,1.0,True,0.3162126954903795
psd95pdz3_92,0.19833333333333328,0.007186503554116853,0.9999841365983514,False,False,-0.03565977289119246,psd95pdz3,evodiff_seq,unrestricted,seq_419,/home/bwittmann/GitRepos/MAPR/lab_test/predicted_structures/variants/evodiff_seq;psd95pdz3;unrestricted;seq_419_model_1_ptm_unrelaxed.pdb,MANDEYVQRMLSQAPLATSYANGFLTATQPTSKSTDTYVKAYRDAGEWIVTVLVDNGYTPEAMQRVADGFQLSNVPEGRKVRQE,0.0595238095238095,50.72119,0.2478259,0.24783841,0.00015238041,14.650786,14.651134,0.0050041596,-44.674034,-44.67917,0.08339352,1.0,True,0.3106779735305299
psd95pdz3_93,0.1210833333333333,0.0016645820296198376,1.0,False,False,-0.09785471074657412,psd95pdz3,evodiff_seq,unrestricted,seq_739,/home/bwittmann/GitRepos/MAPR/lab_test/predicted_structures/variants/evodiff_seq;psd95pdz3;unrestricted;seq_739_model_1_ptm_unrelaxed.pdb,MPMVETRVVKDSDKPLSLLEIGIIINEFTSWGKEINRIILDKSLIIKAETAHSMLAAIDLNTTPSFTGYQTITHILNHRKKQNL,0.0,51.71988,0.18685502,0.18686178,7.03173e-05,17.323395,17.323488,0.00409906,-43.67535,-43.68048,0.08339352,9.0,True,0.2861366585309662
psd95pdz3_94,0.16574999999999998,0.002179449471770275,0.9999999999995807,False,False,-0.061893020681326454,psd95pdz3,evodiff_seq,unrestricted,seq_112,/home/bwittmann/GitRepos/MAPR/lab_test/predicted_structures/variants/evodiff_seq;psd95pdz3;unrestricted;seq_112_model_1_ptm_unrelaxed.pdb,MPNLSEAIEQALDEAPEEPLTIRRERGDLVEVALALQVTGVMIIRRPVRSRSADGRPNPPIVAERLAWLPQLLPIREAERDAAR,0.0238095238095238,49.053333,0.22062391,0.22063139,0.00013994801,17.496544,17.496109,0.0046616974,-46.341896,-46.347027,0.08339352,1.0,True,0.2670397548286491
psd95pdz3_95,0.11941666666666663,0.016557349828198096,0.9996650308105447,False,False,-0.09919656485348635,psd95pdz3,evodiff_seq,unrestricted,seq_571,/home/bwittmann/GitRepos/MAPR/lab_test/predicted_structures/variants/evodiff_seq;psd95pdz3;unrestricted;seq_571_model_1_ptm_unrelaxed.pdb,MRPIATMFQMQRTIGWSILWAISAFSEPPITLVIDMPDPPAYHALTKGMRSCTGGSSSWTWGPALEPFQASRRPSHQVLEVQEV,0.0714285714285714,46.56048,0.23884752,0.23885655,0.00015376463,15.147539,15.147695,0.003906017,-48.834755,-48.83988,0.08339352,1.0,True,0.2572685776819636
psd95pdz3_96,0.10866666666666668,0.006788470618138773,0.9999999999883885,False,False,-0.10785152384307019,psd95pdz3,evodiff_seq,unrestricted,seq_833,/home/bwittmann/GitRepos/MAPR/lab_test/predicted_structures/variants/evodiff_seq;psd95pdz3;unrestricted;seq_833_model_1_ptm_unrelaxed.pdb,MGYLSALLMVVRGCGGSLVSVRLYSPWVDVVIMSSVVWMGSYDLLKLGYGGCPLRSPSIRHQFISFATDFAAGRLRGTSFFRGI,0.0238095238095238,47.037502,0.22582197,0.22582658,0.0002449917,15.8847275,15.884886,0.004815835,-48.357723,-48.362858,0.08339352,1.0,True,0.2445419049606592
psd95pdz3_97,0.20766666666666667,0.00461880215351701,0.9999939681112634,False,False,-0.02814538989248395,psd95pdz3,evodiff_seq,unrestricted,seq_326,/home/bwittmann/GitRepos/MAPR/lab_test/predicted_structures/variants/evodiff_seq;psd95pdz3;unrestricted;seq_326_model_1_ptm_unrelaxed.pdb,MAGRTTAKAGCTLAIMASRSDLYTGGSSFFAGERPALEHTRTSVRRVVGTVGKAAHCIAPNMRKFGTRGRRDARKTATTHWNAL,0.0357142857142857,47.663807,0.2020417,0.20206198,0.0011437857,16.60348,16.603449,0.0041055074,-47.731426,-47.736553,0.08339352,1.0,True,0.2390042667867544
psd95pdz3_98,0.08375,0.00261007662722764,1.0,False,False,-0.12791224274140794,psd95pdz3,evodiff_seq,unrestricted,seq_90,/home/bwittmann/GitRepos/MAPR/lab_test/predicted_structures/variants/evodiff_seq;psd95pdz3;unrestricted;seq_90_model_1_ptm_unrelaxed.pdb,MLTPRYGRDFEFALSLNPEPCFIVLDVNINGNNHLLCYATYVALRGMRAISSPSWLGPAHPITDGKGTVHISGPERSVARIAVG,0.0476190476190476,40.503334,0.2509597,0.25094244,0.00017761013,13.667549,13.667799,0.0036561515,-54.891895,-54.897026,0.08339352,1.0,True,0.2052429550725254
psd95pdz3_99,0.12458333333333331,0.006032895932579366,0.9999999999980368,False,False,-0.09503681712205844,psd95pdz3,evodiff_seq,unrestricted,seq_867,/home/bwittmann/GitRepos/MAPR/lab_test/predicted_structures/variants/evodiff_seq;psd95pdz3;unrestricted;seq_867_model_1_ptm_unrelaxed.pdb,MIISSDSVSISECSLVSFSVPLLSLNSSLKHSISLPNTSSPIAFDISAAINSKLSLLTTFDISTFPLSICDLTSSIEDTLSVSP,0.0476190476190476,39.06738,0.22352819,0.22354153,0.00015628156,15.168552,15.168316,0.005257716,-56.32785,-56.33298,0.08339352,1.0,True,0.169771261579381
