,query_sequence,top_match,e_value,protein,tool,condition,name,pdb_file,sequence,seqid,plddt,tm_mean,tm_median,tm_std,rmsd_mean,rmsd_median,rmsd_std,dplddt_mean,dplddt_median,dplddt_std,cluster,sampled,norm,selected_name,plasmid,mean_value,sd_value,p_value,significant,active,score,flagged
0,ura3_72,emb|SCV04999.1| LANO_0G16270g1_1 [Lachancea nothofagi CBS 11611],1.9063e-18,ura3,evodiff_seq,constant_residues_5.0,seq_343,/home/bwittmann/GitRepos/MAPR/lab_test/predicted_structures/variants/evodiff_seq;ura3;constant_residues_5.0;seq_343_model_1_ptm_unrelaxed.pdb,VAYEQNSSNSVYDMQNSDHRVSVKTNVHDALRCASLDVRIVALITPILAVLSFVSFLLKTHVDILVGFFSYQIALQVFEGFETLGKQPFEDRKFADIGNTVKLQGGAGGFVGGQAAGRVNAHIGQEFGIRDGLNNGARTATVHYSHQAWGTELSCKFEPDKQAVNIDGEQGHELVERANSGSQKPNVAKDGFFRFISGMRGVGVGDADKGDELGQQYRTDADYVAVLFADGRVGRGLFADTSVVLCACFSSTAACLTTQGFAAQQVY,0.2883895131086142,41.150604,0.39331856,0.39332443,7.815325e-05,17.297005,17.296938,0.002805946,-53.497574,-53.49689,0.073952936,0,True,0.5539664725679448,ura3_72,URA3_A1,1.46,0.05091168824543146,0.837163100043213,False,False,0.04835425856803531,True
1,ura3_29,ref|XP_045535659.1| uridine 5'-monophosphate synthase [Papilio machaon],4.62272e-90,ura3,evodiff_msa,constant_residues_2.5,seq_705,/home/bwittmann/GitRepos/MAPR/lab_test/predicted_structures/variants/evodiff_msa;ura3;constant_residues_2.5;seq_705_model_1_ptm_unrelaxed.pdb,IDGMSFEKRVQLVKGGLSSKLLQIAQQKRTNLCISLDVTSTSQILSVLEQVGEHVVVLKTHVDIITDFSSDEFIARLKELSNKYHFLILEDRKFADIGNTVKQQYKKGSLKIAEWADCVTAHALIGPGCLSAVQKAVKEQHIHARGVFLISQLSCENNLIHKEYTDATIEMVEKFPDIVTGFVCQSRISSKTSDHSFIRFTPGVNLQKGQDQLGQQYRTPEQAIKQGADIIVVGRGIYTQNQDPLIAATKYRDLAWPAYTKRISNQD,0.4119850187265917,91.91067,0.9836571,0.98365843,4.707225e-05,1.661845,1.6619046,0.004428137,-2.7375107,-2.7368279,0.073952936,3,True,1.4673859702716203,ura3_29,URA3_A2,1.35925,0.06309978869483907,0.028359997991755845,True,False,-0.020020359687818023,True
2,ura3_26,emb|CAB1449281.1| unnamed protein product [Pleuronectes platessa],3.3391199999999997e-90,ura3,evodiff_msa,constant_residues_0.0,seq_951,/home/bwittmann/GitRepos/MAPR/lab_test/predicted_structures/variants/evodiff_msa;ura3;constant_residues_0.0;seq_951_model_1_ptm_unrelaxed.pdb,VGKLPYAERARLASHPVTKYLFRLMQQKQSNLCLSADVNTTAELLALADAIGPHICVLKTHLDLIEDWDFTGAGKRLAALARKHNFFIFEDRKFADIGNTVFMQYSFGTYKIASWCDVITVHAISGPGVISGLKAVAQDAGGQGRGCLLIAQMSSEGNLTSPDYTRACLATAATHPSFVIGFICQSRLQTRHPAPSFVHVTPGVHTATSRDGLGQTYNSPEAAIALKSDIIIVGRGILGEAADPTAAALAYKDASWKAYEARTSNEN,0.4419475655430712,92.123665,0.98313963,0.9831421,5.4861343e-05,1.6173816,1.6171176,0.005025193,-2.5245132,-2.5238304,0.073952936,3,True,1.4853759325674631,ura3_26,URA3_A3,1.3895,0.03181980515339459,0.0869575072666951,False,False,0.0005089921954530224,True
3,ura3_7,emb|CAD6622128.1| XXYS1_4_G0003340.mRNA.1.CDS.1 [Saccharomyces cerevisiae],2.9971200000000004e-129,ura3,mpnn,constant_residues_5.0,seq_195,/home/bwittmann/GitRepos/MAPR/lab_test/predicted_structures/variants/mpnn;ura3;constant_residues_5.0;seq_195_model_1_ptm_unrelaxed.pdb,MSKASFAERAKTHKSPVAAKLYKLMADKKTILAASLDVRTTEEFLELAEKVGPYICLLKTHVDILDDFSWEKTVKPLLELAKKYDFLLFEDRKFADIGNTVKLQYSGGIYKIAEWADITNAHGGPGPGIVKGLKEAAKAVTDKPKGLLMVAELSCKGTAYIGEFRERTIEVARLDPEFVIGFIAQRDVGLEEEGWNPIVLSPGVGEEDKGDDLGQQYRTIDEVVARGADIVNVGRGLFANGRDPEEMAKRYRDKAWKAYQKRCGQQN,0.6666666666666666,94.47427,0.9982428,0.9982406,3.140177e-05,0.4556015,0.45587674,0.004100702,-0.17390442,-0.17322159,0.073952936,4,True,1.667613934065622,ura3_7,URA3_A4,1.3864999999999998,0.0831965544158331,0.13664161699307995,False,False,-0.001526976586359067,False
4,ura3_15,ref|XP_022465815.1| orotidine-5'-phosphate decarboxylase [Huiozyma naganishii CBS 8797] >sp|Q9Y726.1| RecName: Full=Orotidine 5'-phosphate decarboxylase; AltName: Full=OMP decarboxylase; Short=OMPDCase; Short=OMPdecase; AltName: Full=Uridine 5'-monophosphate synthase; Short=UMP synthase [Maudiozyma exigua] >dbj|BAA76736.1| orotidine-5'-phosphate decarboxylase [Huiozyma naganishii] >emb|CCK71570.1| hypothetical protein KNAG_0H01560 [Huiozyma naganishii CBS 8797],3.00306e-102,ura3,mpnn,unrestricted,seq_321,/home/bwittmann/GitRepos/MAPR/lab_test/predicted_structures/variants/mpnn;ura3;unrestricted;seq_321_model_1_ptm_unrelaxed.pdb,MSKASFEERSKTHKSPVAAKLYKLMAEKKTNLVADPDVTTTKELLELVEKVGPYICLLKIKSRILDDFSMETTVKPLLELAEKYGFLIFEDNVFNHDGPTAKKLYSGGIYKIAEWADITNMLGTPGPGILKGIKAAAKATTDKPRGVLVVASLPTEGTMLRGELRDGALEVARLDPEFVIGFIAQEAVGGEDEGFDFLVLTPGVAEELTGNELGVRYRTVEEAIARGADLIEVGRELFGNGRNPEEMAKRINELAWEAYQKRCGQQN,0.550561797752809,94.274414,0.9969717,0.99697185,3.239454e-05,0.60318875,0.60317934,0.0032224692,-0.37376404,-0.3730812,0.073952936,1,True,1.5814311833560293,ura3_15,URA3_A5,1.4529999999999998,0.09899494936611658,0.8520803059629182,False,False,0.043603664743807204,True
5,ura3_27,ref|XP_049340946.1| uridine 5'-monophosphate synthase [Astyanax mexicanus] >ref|XP_049340947.1| uridine 5'-monophosphate synthase [Astyanax mexicanus],1.03661e-85,ura3,evodiff_msa,constant_residues_0.0,seq_967,/home/bwittmann/GitRepos/MAPR/lab_test/predicted_structures/variants/evodiff_msa;ura3;constant_residues_0.0;seq_967_model_1_ptm_unrelaxed.pdb,MKHLSYSERGEKLPHPVAKRYLELMERKKSNLCISADVSDSSKLIKLADDLGPYIILLKTHVDIIEGFDPGKIGKKIKELATKYDFMLFEDRKFADIGNTVQYQYSRGPFHISSWADIVNAHALPGPGVVTGLREAAASGGPQERGLLILAQMSTSGNLITETYTRQVVKMAEAFPDVGLGFIASSFKHSEEVVPGLLTMTPGVQLGVSGDELGQTYRTPEQAIEKGSDIIIVGRGIAAAAQDPVAAAEAYQKQGWKAYKKRITAKA,0.4681647940074906,90.27168,0.97909486,0.9790985,6.5225795e-05,1.9802393,1.9796851,0.0062996894,-4.3764954,-4.3758125,0.073952936,9,True,1.4809072480741294,ura3_27,URA3_A6,1.4675,0.0106066017177983,0.9063945890592566,False,False,0.05344418052256539,True
6,ura3_43,ref|XP_019017989.1| hypothetical protein PICMEDRAFT_72906 [Pichia membranifaciens NRRL Y-2026] >gb|ODQ46876.1| hypothetical protein PICMEDRAFT_72906 [Pichia membranifaciens NRRL Y-2026],4.79651e-60,ura3,evodiff_msa,unrestricted,seq_360,/home/bwittmann/GitRepos/MAPR/lab_test/predicted_structures/variants/evodiff_msa;ura3;unrestricted;seq_360_model_1_ptm_unrelaxed.pdb,MRKFDYVERDQNMEHPIAYRLYKIIKQKQTTLCISCDLTEKSSILSLLDAIKPAIAVVKLHMDIIENYTMDLRIQALQNLALKHSFIIMEDRKLSDIGYTVKYQLNCGVFRISLWADIVTMHCLPGTGIFDGFVRVTENITHQYAGLVLLGALSGADNLTTESFTRQIIEMGLDNQKVLIGLISQFPTDSAKNTPLLVFFSPGVHLRTQTDMLGQKYKCPSQILRNNSNIIIVGRGIITDGNSFDTAVTKYQETEWNAIFKKNSEQD,0.3370786516853932,85.48214,0.97369844,0.97369635,7.372477e-05,2.0289674,2.0290284,0.004682174,-9.1660385,-9.165356,0.073952936,8,True,1.3638983643310345,ura3_43,URA3_A7,1.444,0.06363961030678934,0.6702596481046432,False,False,0.037495758398371236,True
7,ura3_55,gb|EJS44107.1| ura3p [Saccharomyces arboricola H-6],6.88303e-19,ura3,evodiff_seq,constant_residues_5.0,seq_286,/home/bwittmann/GitRepos/MAPR/lab_test/predicted_structures/variants/evodiff_seq;ura3;constant_residues_5.0;seq_286_model_1_ptm_unrelaxed.pdb,MFMGSKPSSMPQTDTPMQPPAAPSGKRKTGATLASLDVRKPLVTVTSTPLLALSRDLLKTHVDILSTLVEEGAAIWNCHHALMTTNPDFEDRKFADIGNTVKLQLLQISAQVVVSCNRKNAHAEVKFGIDGGPVQQPGPNTQRVQAEALYYELSCKITMEAMLRSALGMVPGQLKASISVHAEYIEVNVPVESGWDKGGTVVGVGVVDKGDVLGQQYRTTTTGAVLISDLVTVGRGLFASGTVDDDWVGSLIELLVMHNRDQRHIMV,0.2883895131086142,70.149284,0.26626545,0.26626274,4.6861693e-05,23.456219,23.456211,0.0029824157,-24.498894,-24.49821,0.073952936,5,True,0.7596502151262144,ura3_55,URA3_A8,1.359,0.014142135623730963,0.00019360841763737082,True,False,-0.02019002375296908,False
8,ura3_63,gb|MBN2461395.1| orotate phosphoribosyltransferase [Candidatus Cloacimonadota bacterium],0.418392,ura3,evodiff_seq,constant_residues_2.5,seq_296,/home/bwittmann/GitRepos/MAPR/lab_test/predicted_structures/variants/evodiff_seq;ura3;constant_residues_2.5;seq_296_model_1_ptm_unrelaxed.pdb,MIQVPLDYFFFLFFLGLGYFCANLASYQDIAAVFLLDVQSDRQRRTLRRKKTPIKHKLKTHVEGAIIVGREFPSHTCKYTVACKRFPICEDRKFADIGNTVVRPVEQCEVESLLERVNGGRNFTGLHMTGMLGGLVSEIIGSYKSLSFLKVKLSCEWETPGTLTSFGQAACQYLRVQPKSDDDEGWLGANSSSIYHAQFLSQVAAPHSPLWSSGQQYRDDGRSIGSVAGGRGGGRGGNGSSRLILGSFAGLRKYFPERDSGQKRKKH,0.1722846441947565,63.05966,0.3121581,0.31216133,7.1856055e-05,21.52293,21.522852,0.0033826255,-31.588516,-31.587833,0.073952936,7,True,0.6218053355141957,ura3_63,URA3_A9,1.351,0.033941125496954314,0.049861687339601626,True,False,-0.025619273837801118,False
9,ura3_71,gb|KAG0655378.1| orotidine 5'-phosphate decarboxylase [Maudiozyma exigua],5.30308e-19,ura3,evodiff_seq,constant_residues_5.0,seq_81,/home/bwittmann/GitRepos/MAPR/lab_test/predicted_structures/variants/evodiff_seq;ura3;constant_residues_5.0;seq_81_model_1_ptm_unrelaxed.pdb,MHGERCRRTSESRAVSASVRRGPRPLMADSPVKASLDVRLDGRTVSIFTSCNATPSLLKTHVDILKNIFEEAGDDRGVNVTGKIKEMTFEDRKFADIGNTVKLQGASMRLLHSERQAMLNAHAKRCIGIADGGKMWDDMFQKDEFMNRGFQELSCKIESRLPTDVSQIEHMEYRNMILMFKMDDTVKLSGYKTHFEGRGFVVGVGLPDKGDDLGQQYRTQLNITVEDATEETVGRGLFAWRLGRELSEGKKVEPPKKLPLKSDRDFD,0.2696629213483146,46.927452,0.36352098,0.36352772,0.00012894956,21.408154,21.408152,0.003209415,-47.720722,-47.720043,0.073952936,0,True,0.55418048588768,ura3_71,URA3_A10,1.405,0.05091168824543146,0.2874857574884164,False,False,0.011028164234815133,True
10,ura3_80,,,ura3,evodiff_seq,constant_residues_0.0,seq_350,/home/bwittmann/GitRepos/MAPR/lab_test/predicted_structures/variants/evodiff_seq;ura3;constant_residues_0.0;seq_350_model_1_ptm_unrelaxed.pdb,MSSTGHPSGLTGSESDSQKNDDSFDCKKCKVTCRIFDGEDDIVCNWESLPKLEIIGMLKTHLNFGDGWSSKRHSKALLEESHCSIIKSRPDRKFADIGNTKHEISVDDLASALALPTDDEPETNNDYNANLESMQHRFKTDAFIRKFEEELRKSEAEDHGRKERPRRRVNKEDNEFDDEESSDDEEDLGVFAGLKEPEKHAFADYCQGKPMEKIQLYRDAEIKAYHNMQLLEAERQQQQPGMTHRIFSPKQYQKIKHTLSELHSGRC,0.146067415730337,54.10764,0.2734771,0.27347234,0.000117473275,27.322657,27.322577,0.0028330593,-40.54054,-40.539856,0.073952936,7,True,0.4832439834567385,ura3_80,URA3_A11,1.4295,0.014849242404917433,0.06887216397097122,False,False,0.027655242619613208,False
11,ura3_88,,,ura3,evodiff_seq,unrestricted,seq_456,/home/bwittmann/GitRepos/MAPR/lab_test/predicted_structures/variants/evodiff_seq;ura3;unrestricted;seq_456_model_1_ptm_unrelaxed.pdb,MNYQIIVGIGGLLALAALPFATSAQSMDEIALHFFQAVLNALTGGQNGVMMVSFGATIGVVSLATPMLRTMLAGENIISGNDNLMLAALTGVLAYAFPVVQEKVMRRDGEGLLTGHLTQALLEQGELLPQSGKRYFEKVLPAQQNPLYRKAGWFKTTLALMGIFPVMIFGTAMMFFVVIGYNMPGAFPTSGRLGLLTLLMLILVMGIMDFGLLIVQRAVYLGRKRKAAGVKNALHRALTDEPDPARARAGMAIMGSGFAHATGAYRA,0.0636704119850187,53.84056,0.19963032,0.1996302,6.0309416e-05,25.492083,25.491623,0.0032884972,-40.807617,-40.806934,0.073952936,7,True,0.4171482505949135,ura3_88,URA3_A12,1.363,0.02262741699796954,0.009869928213056751,True,False,-0.017475398710553064,False
12,ura3_47,dbj|BAC20169.1| orotidine-5'-phosphate decarboxylase [Millerozyma farinosa],2.0664e-45,ura3,evodiff_msa,unrestricted,seq_933,/home/bwittmann/GitRepos/MAPR/lab_test/predicted_structures/variants/evodiff_msa;ura3;unrestricted;seq_933_model_1_ptm_unrelaxed.pdb,ADGPPLDEQKQNKFNQLSTRLLTITHVKRTNLMFAVDVLKYKELLELVEKSGEYICAIKVHSDLFDDFTKSHWILRLEDLPLKNKLILFEDRKFGDIGKITNAHIFRSPYSISKWAHIVTTHSLSGPQVIDVLTDAVTQGPSPISGLILIATASTKDNLKSHWCTNKLLDIAEEHRDVVISFSTGPVYLGEIKRPDLITMTPGVNLYVSGDELGHVYHARDGCRMFGTDLIMVGRRIRQESSEFQQILQRYQRYDFNAMLERCWRTV,0.3333333333333333,83.20161,0.9482983,0.9482963,7.3788324e-05,3.370366,3.3704367,0.0025560737,-11.446571,-11.4458885,0.073952936,8,True,1.322315177946432,ura3_47,URA3_B1,1.3945,0.08273149339882606,0.4101550600307594,False,False,0.003902273498473121,True
13,ura3_30,emb|SCW02670.1| LAFE_0F11738g1_1 [Lachancea fermentati],1.13667e-82,ura3,evodiff_msa,constant_residues_5.0,seq_765,/home/bwittmann/GitRepos/MAPR/lab_test/predicted_structures/variants/evodiff_msa;ura3;constant_residues_5.0;seq_765_model_1_ptm_unrelaxed.pdb,IIEAGLDCMHPGEDHPVARDLLHVMLTKQSILCASLDVRDPKKLLDLANSMRKSIMLLKTHVDILGGFHRSHTATRLKQMAQKNDFLIFEDRKFADIGNTVKLQYTSGIYNITDWADVTNAHAISGPGILRGMTGAMSTYGEVGRAIYLVSELSCKGILSKAGYTKGTLMLAEQYPSVVTGFVAQAELLNDKSKEGFIHLTPGVGLGDKGDNLGQQYRTPKTALADGADIIIVGRGLFALPAEPEAAAAKYKEAGWAAFLEKVNEQA,0.4681647940074906,89.241936,0.9728807,0.9728788,4.940488e-05,2.3008094,2.3008828,0.0031771783,-5.406242,-5.4055595,0.073952936,9,True,1.4672924652911137,ura3_30,URA3_B2,1.3555,0.016583123951777,3.409138392283957e-06,True,False,-0.022565320665083138,True
14,ura3_0,emb|CAD6622128.1| XXYS1_4_G0003340.mRNA.1.CDS.1 [Saccharomyces cerevisiae],2.17679e-136,ura3,mpnn,constant_residues_5.0,seq_910,/home/bwittmann/GitRepos/MAPR/lab_test/predicted_structures/variants/mpnn;ura3;constant_residues_5.0;seq_910_model_1_ptm_unrelaxed.pdb,MSKASFAERSKTHPSPVAAKLYKLMAEKKTNLAASLDVRTTKELLELAEKVGPYICLLKTHVDILDDFSMETTVKPLLELAEKYGFLLFEDRKFADIGNTVKLQYSGGIYKIAEWADITNAHGTPGPGIVKGIKEAAKAVTDKPRGLLMVAELSCKGTLLVGPLREGTLAIARLDPEFVIGFIAQRAVGGEAEGWDPIVLSPGVGETDKGDDLGQQYRTIDEVVAAGADIVNVGRGLFANGRDPEAEAKRYREAAWTALQKRCGQQN,0.700374531835206,94.04708,0.99754626,0.9975455,4.052864e-05,0.53985,0.539978,0.0045921397,-0.6010971,-0.6004143,0.073952936,4,True,1.69005649630264,ura3_0,URA3_B3,1.386,0.0688960569747403,0.08618461268189245,False,False,-0.0018663047166610316,False
15,ura3_8,dbj|GHM90110.1| orotidine 5'-phosphate decarboxylase [Saccharomyces cerevisiae] >emb|CAI6461448.1| CMF_HP2_G0014090.mRNA.1.CDS.1 [Saccharomyces cerevisiae] >emb|CAI6470207.1| CMF_HP1_G0014560.mRNA.1.CDS.1 [Saccharomyces cerevisiae] >emb|CAI7265725.1| CMF_collapsed_G0015770.mRNA.1.CDS.1 [Saccharomyces cerevisiae],6.78493e-122,ura3,mpnn,constant_residues_2.5,seq_354,/home/bwittmann/GitRepos/MAPR/lab_test/predicted_structures/variants/mpnn;ura3;constant_residues_2.5;seq_354_model_1_ptm_unrelaxed.pdb,MSKATFAERSKTHPSPVAAKLYALMAEKKTNLAADLDVTTTAELLKLAEAVGPYICLLKTHVEILDDFSWETTVEPLLALAEKYGFLIFEDRKFADIGNTVYKKYSGGIYKIAQWADITNFLGVPGPGILKGIKAAAEATTDKPRGALVVAELSCEGTLAVGPLAEGTREVARLDKEFVIGFIAQRDVGGADEGWDPVVLSPGVHEELKGDEFGQQYRTIAEVVARGADIIEVGRGLFGNGRDPAEMAKRYREAAWSAYQARCGQQN,0.6441947565543071,94.85679,0.9976378,0.99763906,3.6670994e-05,0.52837664,0.5282744,0.004184989,0.20861053,0.20929337,0.073952936,4,True,1.653412703577412,ura3_8,URA3_B4,1.3632499999999999,0.07058977735243731,0.04710273771397728,True,False,-0.017305734645402155,True
16,ura3_16,ref|XP_064761013.1| orotidine-5'-phosphate decarboxylase [Scheffersomyces coipomensis] >gb|KAK6461656.1| orotidine-5'-phosphate decarboxylase [Scheffersomyces coipomensis],6.10302e-102,ura3,mpnn,unrestricted,seq_80,/home/bwittmann/GitRepos/MAPR/lab_test/predicted_structures/variants/mpnn;ura3;unrestricted;seq_80_model_1_ptm_unrelaxed.pdb,MSKASFAERSKTHKSPVAAKLYALMAKKKTNLAADLDVTTTEELLKLVEAVGPYICLLKVHLEILDDYSEETTVKPLLELAKKYDFLIFEDAVFSHDGDTAYKRYSGGIYKIAKWADITNMLGVPGPGILKGIKAAAKDVTDKPRGVLVVAELPTEGTAMRGELREAALAVARQDPEFVIGFIAQSAVGGEAEGWDPIVLTPGVSETLKGDEFGNRYRSIAEAVARGADIIEVGRGLFGNGRDPEEMAKRYREAAWKALQARCGQQN,0.550561797752809,94.42629,0.9945355,0.99453247,5.5164262e-05,0.9296256,0.92945075,0.0067689787,-0.22188568,-0.22120285,0.073952936,1,True,1.5811552945281624,ura3_16,URA3_B5,1.4020000000000001,0.12020815280171318,0.5701147964402122,False,False,0.008992195453003194,True
17,ura3_28,emb|CAI4944458.1| CFC_HP_G0059700.mRNA.1.CDS.1 [Saccharomyces cerevisiae] >emb|CAI4951621.1| CFC_HP_G0064940.mRNA.1.CDS.1 [Saccharomyces cerevisiae] >emb|CAI6565978.1| CFC_HP_G0059700.mRNA.1.CDS.1 [Saccharomyces cerevisiae] >emb|CAI6614320.1| CFC_HP_G0064940.mRNA.1.CDS.1 [Saccharomyces cerevisiae] >emb|CAI7253598.1| CFC_collapsed_G0014350.mRNA.1.CDS.1 [Saccharomyces cerevisiae],6.220179999999999e-88,ura3,evodiff_msa,constant_residues_5.0,seq_821,/home/bwittmann/GitRepos/MAPR/lab_test/predicted_structures/variants/evodiff_msa;ura3;constant_residues_5.0;seq_821_model_1_ptm_unrelaxed.pdb,MLRVSYVKRSELATCGVANRLFVTMEQKKTNLCASLDVRNSENLLTVAAQVARHVCLLKTHVDILPNLPPTEAFAALKATKEKFTFMIFEDRKFADIGNTVKLQYNQGIFRISDWADIVNAHAIGGPGILTGLREAGEKLGHTERGLLLLAELSCKKNLATPQYTDACIAMGKDYPEGVIGFVSLGELGKEPGDPGLLQMTPGVGMKDKGDGLGQQYRTSEEAILRGTDAVIVGRGLFAQPDDARQTAALFREKGWAAYVDRIYQQN,0.4943820224719101,88.5873,0.9769797,0.97697735,7.8769e-05,1.9023972,1.9026864,0.005762457,-6.0608745,-6.060192,0.073952936,9,True,1.480681574955562,ura3_28,URA3_B6,1.465,0.019798989873223347,0.8373165502881484,False,False,0.05174753987105541,False
18,ura3_44,gb|XBW37801.1| hypothetical protein QEN19_003378 [Hanseniaspora menglaensis],2.1728500000000002e-61,ura3,evodiff_msa,constant_residues_0.0,seq_20,/home/bwittmann/GitRepos/MAPR/lab_test/predicted_structures/variants/evodiff_msa;ura3;constant_residues_0.0;seq_20_model_1_ptm_unrelaxed.pdb,MERLSLDAQAKMVTHPSAKSLVELMFQKKSNLSFSFDHQTLEELINLIDTINEYTVIVKTHADMVQDCSTEETFQELKLLSSAYGFFIYEDRKFADIGNTTKMQYTGGAYTISRWAHIVNGHAIVGQGVINGLESCNQSVSQKVQTAIPLALTSSEDNLVTSEKTQRIVSLAKENSNCVIGIICTSWREEGWLNENFIILTPGCRLPKGGDEEGQTYGTPVKALRRGADIVIVGRGIYDQAKDPVETCILYSEYAWTAYKELFNEQN,0.3632958801498127,84.72576,0.96106476,0.9610697,7.4724485e-05,2.4552882,2.4552908,0.003127816,-9.922417,-9.921734,0.073952936,8,True,1.3601361883486367,ura3_44,URA3_B7,1.4285,0.08555992052357225,0.6180364629798281,False,False,0.02697658635900928,True
19,ura3_56,gb|KAG0679187.1| orotidine 5'-phosphate decarboxylase [Kluyveromyces marxianus] >gb|KAG0685086.1| orotidine 5'-phosphate decarboxylase [Kluyveromyces marxianus],4.49109e-21,ura3,evodiff_seq,constant_residues_5.0,seq_339,/home/bwittmann/GitRepos/MAPR/lab_test/predicted_structures/variants/evodiff_seq;ura3;constant_residues_5.0;seq_339_model_1_ptm_unrelaxed.pdb,MDANGRVDQVEEYGKTSNGVERLGDHRQRPIFVASLDVRKPTSNSRRIQHPFQTVLLLKTHVDILSNDDSNLVRDQVLTIVDDSEFVLFEDRKFADIGNTVKLQLMDENNVEHEYRVTVNAHICHAFGISAGFDKFHDFASRLRNGAIPIVELSCKALSQKAIDLGLTQVGAIAAESACGRFVESSFVGDTTFWPTYNAALEGVGMIDKGDDLGQQYRTKYSCIYEIVPGKVVGRGLFAHYERDRMGPRVVGLEVNHPTEKPVFFEK,0.2734082397003745,54.86757,0.5635518,0.5635432,0.0001233503,12.380237,12.379946,0.0034096027,-39.78061,-39.779926,0.073952936,5,True,0.757021828017965,ura3_56,URA3_B8,1.4300000000000002,0.0933380951166242,0.6548549259924181,False,False,0.027994570749915324,True
20,ura3_64,gb|KAG0655378.1| orotidine 5'-phosphate decarboxylase [Maudiozyma exigua],2.7536e-18,ura3,evodiff_seq,constant_residues_5.0,seq_216,/home/bwittmann/GitRepos/MAPR/lab_test/predicted_structures/variants/evodiff_seq;ura3;constant_residues_5.0;seq_216_model_1_ptm_unrelaxed.pdb,MTTTTDRLDKTFQFSDEKIERIVESPSSASEFIASLDVRLWKQKNLPEKVPFNFGFLLKTHVDILHLAGVKFTHKNINVCDGFFEEEVFEDRKFADIGNTVKLQKLWKKLPLPIGSNTPNAHETNGKGITDGVYGFAKDNWSCLGRILNFDELSCKKGTKLSFSDIFYSDESVDAKIMADGTVCHGYWGPFLHRFEPPERALGVGEKDKGDLLGQQYRTACVSTIPCAEQLSVGRGLFAKWAEESGCPKVFYLAQMALEDGAVLDLR,0.2921348314606741,34.551723,0.5052289,0.5052272,0.00010294013,16.421665,16.421703,0.0030507448,-60.096455,-60.09577,0.073952936,6,True,0.6165873686275091,ura3_64,URA3_B9,1.3415,0.07707463914933367,0.23338248517572388,False,False,-0.0320665083135392,True
21,ura3_73,ref|XP_033765792.1| orotidine-5'-phosphate decarboxylase [Saccharomyces paradoxus] >gb|QHS72760.1| Ura3 [Saccharomyces paradoxus],1.4467499999999998e-20,ura3,evodiff_seq,constant_residues_5.0,seq_770,/home/bwittmann/GitRepos/MAPR/lab_test/predicted_structures/variants/evodiff_seq;ura3;constant_residues_5.0;seq_770_model_1_ptm_unrelaxed.pdb,MIKALIDGTLESLLVVKNERLQWAYSNRFFEMCASLDVRFIGTPFKPDDAIDLLPELLKTHVDILTGQGEFSTKIMALAAKAKVPVTSFEDRKFADIGNTVKLQQMEDYVSGAGMAVTFNAHHGRPVGICAGCKAEQEFVSFPAVICRERVELSCKRCLRRPCTDGVMCDRTHLAPVNPSVDLLVSTGGFLGDKTAVGGYVQGVGWRDKGDELGQQYRTLDVSGPGMIMAGVVGRGLFALGSTVAAIEEHYRKDFGCGREDWHFQRN,0.3370786516853932,36.49865,0.3221084,0.32211488,7.8601915e-05,21.384058,21.383963,0.0036396738,-58.149532,-58.148846,0.073952936,6,True,0.5409473607650731,ura3_73,URA3_B10,1.3885,0.12232947314527275,0.5173547981518314,False,False,-0.00016966406515090697,True
22,ura3_81,emb|SCV04999.1| LANO_0G16270g1_1 [Lachancea nothofagi CBS 11611],1.29071e-14,ura3,evodiff_seq,constant_residues_5.0,seq_794,/home/bwittmann/GitRepos/MAPR/lab_test/predicted_structures/variants/evodiff_seq;ura3;constant_residues_5.0;seq_794_model_1_ptm_unrelaxed.pdb,MATEMNTAKIRPIVQRLLARMVAEGKTLDPEVTASLDVRGVKSVTGYKITALRLAELLKTHVDILMHRGRKPDTVGLYESDDLGIVYNFEDRKFADIGNTVKLQRHGFAPKALVYLGTLNAHPTGSGGIRQGTFLAAARAGTISEFAGAYLELSCKLLNPAVANEAVSLLERHLEIWSDETGPGQRPELPDIKDISFIHVVIGVGVDDKGDYLGQQYRTGSIMRLLRAANKEVGRGLFATEYPTIQQVLIHAHATWQWLESQAAYAA,0.2771535580524344,33.90502,0.32036477,0.32036835,7.8046854e-05,20.225183,20.22519,0.0029025965,-60.743153,-60.742474,0.073952936,6,True,0.463512477277255,ura3_81,URA3_B11,1.3250000000000002,0.03535533905932741,0.03939312950202368,True,False,-0.04326433661350509,True
23,ura3_89,gb|KAK3717004.1| orotidine 5'-phosphate decarboxylase [Vermiconidia calcicola],0.18411,ura3,evodiff_seq,constant_residues_0.0,seq_21,/home/bwittmann/GitRepos/MAPR/lab_test/predicted_structures/variants/evodiff_seq;ura3;constant_residues_0.0;seq_21_model_1_ptm_unrelaxed.pdb,MPKRKKGKKSKRKGSSKSEASQRIPKETFIQDDNSNDCDDNEYISNKSVPRPAQPPNEKTHTEPSQKNVRQSGDFDPRLQIINTALINYEDRKFADIGNTTEAQELERAIAQWRTAPIIGNNVQGDVSEDEQRTTRDIDLPSRPQHNGIGRRHSGLRTNENDGGGVSLLRDYHQLSTTAEPERPRHERSLGREYHTRWTSEQETTRGEAFPASGQAYMPPLAWPFQQTHEVCDSRGVTYDLILQEGCERFAMEDDMSACCMTYHLPA,0.1273408239700374,51.963898,0.1969046,0.19690655,4.132782e-05,31.524675,31.52457,0.0028898867,-42.68428,-42.683598,0.073952936,7,True,0.4140082624961123,ura3_89,URA3_B12,1.4073125,0.07010251422024745,0.013813671802609279,True,False,0.012597556837461851,True
24,ura3_48,sp|P78724.1| RecName: Full=Orotidine 5'-phosphate decarboxylase; AltName: Full=OMP decarboxylase; Short=OMPDCase; Short=OMPdecase; AltName: Full=Uridine 5'-monophosphate synthase; Short=UMP synthase [Wickerhamomyces anomalus NRRL Y-366] >emb|CAA70421.1| orotidine-5'-phosphate decarboxylase [Wickerhamomyces anomalus],1.5790199999999998e-45,ura3,evodiff_msa,unrestricted,seq_946,/home/bwittmann/GitRepos/MAPR/lab_test/predicted_structures/variants/evodiff_msa;ura3;unrestricted;seq_946_model_1_ptm_unrelaxed.pdb,VAELTYEDRSANSKHTVFKDLIRIMEEKKSNLCFNGDIANVEYFEKLARSFGTHICALKIHCDIAPKFNIENSAQYLKKASWAHDFLLIEDCKLADLGTNHEWKIMDLSFKVLDWADFVTLKAIAGEDFTLALEAAGTNLYQSGIGVILIGETSSSDVLLPNSYVIYCCKIAAEYSDFICGFICQNTLETREPDKSFMHFTPGVHMNTRSDENGHTYINPTKETPQGTDIIIVGKSDYGFSDLIETELQKYKNIGWNAFSDCVSNIN,0.2883895131086142,82.96861,0.9544893,0.954495,6.374816e-05,2.620962,2.6208894,0.0025006218,-11.679565,-11.678883,0.073952936,8,True,1.305306153718189,ura3_48,URA3_C1,1.3995,0.04030508652763317,0.1837145597081194,False,False,0.007295554801493069,True
25,ura3_31,ref|XP_029320804.1| uncharacterized protein C5L36_0B05730 [Pichia kudriavzevii] >sp|Q6IUR4.1| RecName: Full=Orotidine 5'-phosphate decarboxylase; AltName: Full=OMP decarboxylase; Short=OMPDCase; Short=OMPdecase; AltName: Full=Uridine 5'-monophosphate synthase; Short=UMP synthase [Pichia kudriavzevii] >gb|QSG73538.1| Ura3 [Cloning vector pWSPK-Cas9] >gb|AAT39474.1| orotidine-5'-monophosphate decarboxylase [Pichia kudriavzevii] >gb|AWU75327.1| hypothetical protein C5L36_0B05730 [Pichia kudriavzevii] >gb|KGK39727.1| hypothetical protein JL09_g1026 [Pichia kudriavzevii] >gb|OUT21549.1| orotidine 5'-phosphate decarboxylase [Pichia kudriavzevii],2.8877599999999997e-73,ura3,evodiff_msa,unrestricted,seq_302,/home/bwittmann/GitRepos/MAPR/lab_test/predicted_structures/variants/evodiff_msa;ura3;unrestricted;seq_302_model_1_ptm_unrelaxed.pdb,VAGISYEERASKSFHPAANKLFQIIQCKQSNLCLSADVSDSQKLISLAEQVGPHIVCLKLHVDIVREYDWETIARELQQLATKHHFIIMEDRKLCDIGWTSLYQLRHAGLRLAEWQDAITVHGLPGAGIITGLKQIAKEKDTAVKGSILIAEMSAAGSLVDYNYTQQCVEIAAASRDFVVGFIGQSDIASRLSDSAFIQMTPGVSLLSKQDEMGQTYRYPEKVIDKCSDVIIVGRGILSAIQSEIAVAAEYQEIGWAAYQARILTTK,0.4044943820224719,92.17651,0.9782266,0.9782275,5.528848e-05,1.9055243,1.9056324,0.0046344465,-2.4716644,-2.4709816,0.073952936,3,True,1.4620548720727744,ura3_31,URA3_C2,1.417,0.05656854249492385,0.39332739217464463,False,False,0.019172039362063187,True
26,ura3_1,emb|CAD6622128.1| XXYS1_4_G0003340.mRNA.1.CDS.1 [Saccharomyces cerevisiae],3.945e-133,ura3,mpnn,constant_residues_5.0,seq_588,/home/bwittmann/GitRepos/MAPR/lab_test/predicted_structures/variants/mpnn;ura3;constant_residues_5.0;seq_588_model_1_ptm_unrelaxed.pdb,MSKASFAERSKTHPSPVLAKLYKLMAEKKTNLAASLDVRTTEEFLELAEKVGPYICLLKTHVDILDDFSWETTIKPILALSEKYGFLIFEDRKFADIGNTVKLQYSGGIYKIAKWADITNAHGTPGPGIVEGLKLAAKEVTDKPRGLLMVAELSCKGTALRGELRERTLAIARTDKEFVIGFIAQRAVGGEEEGWDPLVLTPGVGEEDKGDDLGQQYRTIAEAVARGADIIEVGRGLFANGRDPEEMAKRYREAAWKAYQARCGQQN,0.6891385767790262,94.45618,0.9981407,0.99814045,3.818464e-05,0.4683809,0.46846485,0.004943809,-0.19200134,-0.19131851,0.073952936,4,True,1.6849312628251487,ura3_1,URA3_C3,1.419,0.059665735560705244,0.1966607086778899,False,False,0.020529351883271197,False
27,ura3_9,dbj|GHM90110.1| orotidine 5'-phosphate decarboxylase [Saccharomyces cerevisiae] >emb|CAI6461448.1| CMF_HP2_G0014090.mRNA.1.CDS.1 [Saccharomyces cerevisiae] >emb|CAI6470207.1| CMF_HP1_G0014560.mRNA.1.CDS.1 [Saccharomyces cerevisiae] >emb|CAI7265725.1| CMF_collapsed_G0015770.mRNA.1.CDS.1 [Saccharomyces cerevisiae],1.15288e-115,ura3,mpnn,constant_residues_0.0,seq_907,/home/bwittmann/GitRepos/MAPR/lab_test/predicted_structures/variants/mpnn;ura3;constant_residues_0.0;seq_907_model_1_ptm_unrelaxed.pdb,MSKASFAERSKTHPSPVASKLYKLMAEKNTILAADLDVTTTKEFLELVEKVGPYICLLKTHSEILDDFSMETTVKPLLELAKKYDFLIFEDRKFADIGNTAYKKYSGGVYKIAKWADITNMLGIPGPGILKGIKAAAEAVTDKPRGILVVAELSSEGTLLRGELREGTLAVARLDKEFVIGFIAQEAVGLEEEGWDPLVLTPGVSETLKGDEFGQRYRSIEEAVARGADIIEVGRELFGNGRDPKEMAKRYREAAWNAYKKRCGQQN,0.6142322097378277,95.22877,0.9969163,0.9969148,4.082291e-05,0.604433,0.60459614,0.0040405598,0.5805893,0.5812721,0.073952936,1,True,1.6341155976914754,ura3_9,URA3_C4,1.3525,0.04171930009000626,0.09260680282266828,False,False,-0.024601289446895075,True
28,ura3_17,ref|XP_020061918.1| orotidine-5'-phosphate decarboxylase [Suhomyces tanzawaensis NRRL Y-17324] >gb|ODV76796.1| orotidine-5'-phosphate decarboxylase [Suhomyces tanzawaensis NRRL Y-17324],2.4621e-98,ura3,mpnn,unrestricted,seq_47,/home/bwittmann/GitRepos/MAPR/lab_test/predicted_structures/variants/mpnn;ura3;unrestricted;seq_47_model_1_ptm_unrelaxed.pdb,MSKASFEELSKTHKSPVLSKLYELMAKKKTNLAADLDVTTTEELLELVRKVGPYICLLKVKPEILDDYSWENTVEPLLELAKEYDFLIFYDDVFNVGGTTAYKRYSGGIYKIAKWADITNMLGTPGPGILDGIKAAAKAVTDKPRGVLMVAELPTEGTLLRGELREGTLEVARRDPEFVIGFIAQRDVGLEAEGWRPLVMTPGISEELKGDEFGNRYISIDEAIARGADIINVGRGLFGNGRDPAEMAKRYRDKAWEAYEKRCGQQN,0.5355805243445693,94.99535,0.9956189,0.9956155,4.9448037e-05,0.72606176,0.7262602,0.0042714635,0.3471756,0.34785843,0.073952936,9,True,1.5771654129006571,ura3_17,URA3_C5,1.4175,0.06858935777509509,0.46651625303413413,False,False,0.019511367492365154,True
29,ura3_34,emb|SCU99172.1| LADA_0H18008g1_1 [Lachancea dasiensis],4.28516e-78,ura3,evodiff_msa,constant_residues_2.5,seq_740,/home/bwittmann/GitRepos/MAPR/lab_test/predicted_structures/variants/evodiff_msa;ura3;constant_residues_2.5;seq_740_model_1_ptm_unrelaxed.pdb,MLGLTYEKRVENAENPMSKYLMVLMYQKQTNLCLSLDVNEVGEFCRLITLIGPYICALKTHVDILDDFTPERVLARLRLLSEQHGFLIMEDRKFADIGNTVKSQLTKGVYNISRWAHLVTAHGISGKEVIPGVKEACFETDPGAIPIFLFAELSCSGNLTSTEYTQRTVCVSQQFPEAIMGFISQGAAARKIPKPAFLYFLPGVSMKANNDRLGQQYRTPHQALNMGADVIIVGRGIYESGVSSLEVAKQYRSMGWDAYLDRISQKE,0.4232209737827715,90.1433,0.9779033,0.9779004,7.385426e-05,1.8425202,1.8428814,0.0047321673,-4.504875,-4.5041924,0.073952936,3,True,1.4530180676288245,ura3_34,URA3_C6,1.4369999999999998,0.05232590180780456,0.5321077026302535,False,False,0.03274516457414313,True
30,ura3_45,gb|OGT60575.1| MAG: orotidine 5'-phosphate decarboxylase [Gammaproteobacteria bacterium RIFCSPHIGHO2_12_FULL_45_12],6.56995e-58,ura3,evodiff_msa,unrestricted,seq_756,/home/bwittmann/GitRepos/MAPR/lab_test/predicted_structures/variants/evodiff_msa;ura3;unrestricted;seq_756_model_1_ptm_unrelaxed.pdb,MSLSTFDERIARAPHDTAKNLFKVIESKQSNLCVAADVSATGDMVELAERVGAGILTLKLHIDVVKNLTNEQMLAVLRSLAENHDFLIIEDRKFADICETVLKQYTASAMPPAGWSDLITTHILPGPGIVDGLARIAAPPDARGRGAILLAEMSSAGCLLAPAYTQQTARMAESNRRCVVGFVAQSPISCAPINNGWTIDNNLLHLDPNTSGSNQWCATPAEAIEKGADVIIVGPGILTEEPAIATLALSYQRQGWDAYTNRVNALN,0.3558052434456928,84.30674,0.9245526,0.92455244,8.68965e-05,4.2390065,4.239077,0.0027825746,-10.341438,-10.340755,0.073952936,8,True,1.325335548807897,ura3_45,URA3_C7,1.4115,0.021920310216783073,0.05853371557366664,False,False,0.015439429928741125,True
31,ura3_57,emb|CDO95120.1| unnamed protein product [Kluyveromyces dobzhanskii CBS 2104],2.9265900000000003e-19,ura3,evodiff_seq,constant_residues_5.0,seq_79,/home/bwittmann/GitRepos/MAPR/lab_test/predicted_structures/variants/evodiff_seq;ura3;constant_residues_5.0;seq_79_model_1_ptm_unrelaxed.pdb,METTESSSVSDSGDTTIDTSYHSVEETPPPYTDASLDVRGMLKRTLCLETLAEAPSLLKTHVDILVKNFEDLSSQHIKMKPILKFLEIFEDRKFADIGNTVKLQDMPNNLPNWETVNQENAHLYGDLGIFFGLIMAERLDLAGLSIWQTSRELSCKDTGLRTTGTVLFSPSPKRIVTAKEDLKALENDNIINFCQVYVDGGLGVGFYDKGDDLGQQYRTKENSAAGKASGLHVGRGLFAAMLFTHCLEPKFSSERRIIGFSGPPSFV,0.2734082397003745,55.693893,0.49937552,0.499382,0.00012389003,20.369932,20.36977,0.0030706625,-38.954285,-38.9536,0.073952936,5,True,0.7170976272707655,ura3_57,URA3_C8,1.4785,0.03040559159102149,0.7691105367658362,False,False,0.06090939938920936,True
32,ura3_65,gb|WJX87251.1| Uridine 5'-monophosphate synthase [Trifolium repens],0.0244548,ura3,evodiff_seq,constant_residues_2.5,seq_656,/home/bwittmann/GitRepos/MAPR/lab_test/predicted_structures/variants/evodiff_seq;ura3;constant_residues_2.5;seq_656_model_1_ptm_unrelaxed.pdb,MDVLSQTLRGAFSSEDLPIRSHVPPLPNPIRGWRELDVGRGWYFSYDFGNSVEALEWLKTHVNVFCDPVPGYSMEWNARGPGRPWHCRFEDRKFADIGNTVIIESSAEGTWRTLVGPIRALVSAIAKDEGKVISLSGLGDFCRGREFFPEHKLSCLVYPDEELALALNLACYSGYGIGDAHSLHVGYTARGLLTHTPVGKAFCAVYAQRPGFNGQQYRGVHSTTDGWLGMAYLGRGPGWRWSADPDETHGFVEDLIRLRSELPRLDK,0.1573033707865168,63.637787,0.29825124,0.29824948,7.837281e-05,22.627724,22.627987,0.0033993353,-31.010391,-31.009708,0.073952936,7,True,0.6158222059676117,ura3_65,URA3_C9,1.3925,0.07566042558696058,0.37089251686889707,False,False,0.0025449609772651115,True
33,ura3_74,ref|XP_018222653.1| orotidine-5'-phosphate decarboxylase [Saccharomyces eubayanus] >gb|QID84527.1| orotidine 5'-phosphate decarboxylase [Saccharomyces pastorianus] >gb|KOG99935.1| URA3-like protein [Saccharomyces eubayanus] >emb|CAI1945211.1| hypothetical protein SEUBUCD650_0E00740 [Saccharomyces eubayanus] >emb|CAI1974505.1| hypothetical protein SEUBUCD646_0E00700 [Saccharomyces eubayanus] >dbj|BAI82233.1| orotidine-5'-phosphate decarboxylase [Saccharomyces pastorianus],1.02554e-16,ura3,evodiff_seq,constant_residues_5.0,seq_571,/home/bwittmann/GitRepos/MAPR/lab_test/predicted_structures/variants/evodiff_seq;ura3;constant_residues_5.0;seq_571_model_1_ptm_unrelaxed.pdb,MITQTGDNPDFMNPHEEISEIVEENESLFEDLIASLDVRLASKLWWKPSLHKTGGLLLKTHVDILGTGGARDSSVRSSVQKLAQAAVDFEDRKFADIGNTVKLQFWRRVKTARFGFCKDNAHGNANLGIALGRPIIGPNSHEVSIACVSVMELSCKEPRLLKRTVRIITRNSEIIGPPSGTWQSIQLNDENLPLVIGVIPLIGVGQSDKGDRLGQQYRTRTQLQYFDNNGYTVGRGLFAVSVKGMKYPISKEEYQLFNLVSGIRIGN,0.2696629213483146,35.558804,0.41973963,0.4197406,8.874329e-05,17.965,17.964764,0.0035841265,-59.089375,-59.08869,0.073952936,6,True,0.5313200037757818,ura3_74,URA3_C10,1.3875000000000002,0.08980256121069154,0.40930184935900094,False,False,-0.0008483203257548363,True
34,ura3_82,emb|CAI7112224.1| BAF_collapsed_G0014430.mRNA.1.CDS.1 [Saccharomyces cerevisiae],4.00602e-17,ura3,evodiff_seq,constant_residues_5.0,seq_894,/home/bwittmann/GitRepos/MAPR/lab_test/predicted_structures/variants/evodiff_seq;ura3;constant_residues_5.0;seq_894_model_1_ptm_unrelaxed.pdb,MNKLQTLASLSALLAAPSLATGAVAQPSCDLKLASLDVRSGEQGVMCIPWESDNKSLLKTHVDILLDYGFKSKETGKVNKIPFKDCYAFEDRKFADIGNTVKLQLTVLDGKDADLTVSINAHTNCGVGIKEGQHFIGYRTIKADKKQNMKIELSCKPKAHYAGKSVGVDVTYTTIAPGKIPDGFPAPAGSAPKLLLCHGVQPGVGGLDKGDPLGQQYRTIMENPQRALRNQKVGRGLFAGECEGSCGGGLSHIKNNVIIVWGDVNNW,0.2808988764044944,29.07693,0.3031389,0.30313915,5.1515603e-05,21.67743,21.677498,0.0031724928,-65.57125,-65.57057,0.073952936,6,True,0.4475690544527281,ura3_82,URA3_C11,1.3479999999999999,0.12727922061357852,0.4000375082252679,False,False,-0.027655242619613208,False
35,ura3_90,gb|RLD49595.1| MAG: orotidine 5'-phosphate decarboxylase [Bacteroidota bacterium],2.9854,ura3,evodiff_seq,constant_residues_2.5,seq_602,/home/bwittmann/GitRepos/MAPR/lab_test/predicted_structures/variants/evodiff_seq;ura3;constant_residues_2.5;seq_602_model_1_ptm_unrelaxed.pdb,MTDFASPSIDHIHQCVENIKHKERIVIYVRIKGLLLDVISASKIFASYEKDLRVLRRLKTHVDFEAERADWKTAQITFDDLIKHIYDYAEDRKFADIGNTVHDGFYNFRLTQLMFISSQLPIWMGDKGPPSVMQMDLKSAFGKISFVLSLSKLSCVSLPPGETLKLFQQRLLLLHLLASGLRSGYSGMHDDEMMQTVMDLVDMLEKTDLTILPGQQYRAVLQTYFSDLFVCFEGRGWHKRLADVLMFRAGTTYGPSLPLLGQWLLNS,0.1760299625468165,44.95206,0.27142385,0.27141145,0.00013750468,21.94484,21.944372,0.0038297984,-49.696114,-49.695435,0.073952936,2,True,0.4037650660592952,ura3_90,URA3_C12,1.333,0.05091168824543146,0.11490285798684767,False,False,-0.037835086528673206,True
36,ura3_49,gb|KAF7278683.1| hypothetical protein GWI33_008131 [Rhynchophorus ferrugineus],5.01547e-15,ura3,evodiff_msa,unrestricted,seq_832,/home/bwittmann/GitRepos/MAPR/lab_test/predicted_structures/variants/evodiff_msa;ura3;unrestricted;seq_832_model_1_ptm_unrelaxed.pdb,YCQINFKERLSLFVRPITKQLVALIFQKQTPLLFYLHGSSTLKILQIIDKTLPVIIGLEFSRNAYRGIMIESTASKFFLLCLKDEIYVCTERKFGNLGNSLVSFSVLPFWELNKYVKLVTIYGYSGENLIEVLKSLLQSQDCMVRPFIPLPEISTFENRMNYASLEAVIRLSHEYPEMVCSFICQFPVRVDEGNKGILYWTSDIPVCDDGDKNGQTSCFNLCVITACCDIIIVDRGIYQASGDFILCVRAYQMKMWSRYAERLSNDN,0.2134831460674157,63.230038,0.845522,0.8455267,0.00011109147,5.2260804,5.2260313,0.0022728955,-31.41814,-31.417458,0.073952936,8,True,1.0223362227401551,ura3_49,URA3_D1,1.3355000000000001,0.004949747468305759,1.1123395128821589e-07,True,False,-0.036138445877163076,True
37,ura3_32,emb|SCW02670.1| LAFE_0F11738g1_1 [Lachancea fermentati],1.16172e-82,ura3,evodiff_msa,constant_residues_2.5,seq_468,/home/bwittmann/GitRepos/MAPR/lab_test/predicted_structures/variants/evodiff_msa;ura3;constant_residues_2.5;seq_468_model_1_ptm_unrelaxed.pdb,ISQLSYKKRLETLDNPLAKKLTVLKKQKKTNLALALDVSDKKQFFEVGEIVGEHICILKTHVDITKNYDWAALIEALKKIAEEQNFLIFEDRKFADIGNTVKLQFSHGIHKISQWADQITSHPISGKGILNVFQDVNNEQTPRLLGITLVAELSCEGSLINEEYTKIVLNLAMNHEELVLGFVSQKPLSTSNPGEQFLCLTPGVSLDNSSDKLGQQYRTPEQAVMSGCDLIIVGRGIKTQTQDPVEEALKYKELAWKSYEAKLSQQC,0.4194756554307116,91.092926,0.9775764,0.97756755,7.2822506e-05,1.8247255,1.8251703,0.004847867,-3.555252,-3.5545692,0.073952936,3,True,1.4594695633323989,ura3_32,URA3_D2,1.409,0.03676955262170051,0.1915302988455897,False,False,0.013742789277231151,True
38,ura3_2,dbj|GHM90110.1| orotidine 5'-phosphate decarboxylase [Saccharomyces cerevisiae] >emb|CAI6461448.1| CMF_HP2_G0014090.mRNA.1.CDS.1 [Saccharomyces cerevisiae] >emb|CAI6470207.1| CMF_HP1_G0014560.mRNA.1.CDS.1 [Saccharomyces cerevisiae] >emb|CAI7265725.1| CMF_collapsed_G0015770.mRNA.1.CDS.1 [Saccharomyces cerevisiae],8.14979e-134,ura3,mpnn,constant_residues_5.0,seq_150,/home/bwittmann/GitRepos/MAPR/lab_test/predicted_structures/variants/mpnn;ura3;constant_residues_5.0;seq_150_model_1_ptm_unrelaxed.pdb,MSKASFAERAKTHPSPVAAKLYRLMAEKETNLAASLDVRTTEELLALAEKVGPYICLLKTHVDILDDYSEETTVKPLLELAEKYGFLLFEDRKFADIGNTVKLQYSGGIYRIAKWADITNAHGTPGPGIVKGIKEAAEAVTDKPRGLLMVAELSCKGTFLRGELAEGTLEVARTDKEFVIGFIAQRAVGGEAEGFQPIVLTPGVGEVDKGDDLGQQYRTIAEAVARGADIIEVGRGLFANGRDPAAEAARYRAAAWAAYKARCGQQN,0.6928838951310862,93.24326,0.9981332,0.9981308,3.4265286e-05,0.46945277,0.46976846,0.0044408827,-1.4049149,-1.404232,0.073952936,4,True,1.6777446207377764,ura3_2,URA3_D3,1.406,0.08356634091147776,0.2294386137752107,False,False,0.011706820495419061,True
39,ura3_10,emb|CAD6622128.1| XXYS1_4_G0003340.mRNA.1.CDS.1 [Saccharomyces cerevisiae],6.49333e-115,ura3,mpnn,constant_residues_2.5,seq_493,/home/bwittmann/GitRepos/MAPR/lab_test/predicted_structures/variants/mpnn;ura3;constant_residues_2.5;seq_493_model_1_ptm_unrelaxed.pdb,MSKASFAARAETHPSPVAAKLYRLMAEKETNLAADLDVTTTAELLALARQVGPHICLLKTHVEILDDFSWETTVKPLLALAEEYGFLIFEDRKFADIGNTVYKKYSGGLYRIAEWADITNMLPIPGPGILEGLKRAAKATTDKPRGILVVAELSCAGTAAVGELRERGLAVARLDPEFVIGFIAQRAVGGEEEGFDPIVMSPGVHETLTGDDLGQQYRTVAEVVARGADIINVGRGLFGGGRDPAAEAARYRAAAWAALKARCGQQN,0.6217228464419475,94.78326,0.9942979,0.9943034,5.4552333e-05,0.93838036,0.9382592,0.00647096,0.13507843,0.13576126,0.073952936,1,True,1.633956030778745,ura3_10,URA3_D4,1.433,0.05374011537017766,0.501262928841502,False,False,0.03003053953172726,False
40,ura3_18,ref|XP_003677638.1| orotidine-5'-phosphate decarboxylase [Naumovozyma castellii] >emb|CCC71286.1| hypothetical protein NCAS_0G03990 [Naumovozyma castellii],3.45769e-98,ura3,mpnn,unrestricted,seq_58,/home/bwittmann/GitRepos/MAPR/lab_test/predicted_structures/variants/mpnn;ura3;unrestricted;seq_58_model_1_ptm_unrelaxed.pdb,MSKASFAERSKTHPSPVLAKLYELMAKKKTNLAADLDVSTTEELLELAEKVGPYICLLKIKLYILDDFSWEKTVKPLLELAKKYDFLIFEDAVFNHGGGTAYKEYSGGIYKIAEWADITNFSGVPGPGILKGLKKAALETTDKPRGILAIASLPTEGTLYRGELREGTRAVARLDPEFVIGFIAQEAVGGEEEGWRPLVMTPGIAEELKGDDLGNRYISIDEAVAKGADIIEAGRELFGNGKDPEKKAKELNKKAWEALKKRCGQQN,0.5468164794007491,93.43712,0.9918965,0.9918966,5.5355868e-05,1.0378574,1.0376341,0.0039955336,-1.2110596,-1.2103767,0.073952936,1,True,1.5680271189387196,ura3_18,URA3_D5,1.4415,0.12515790027001894,0.804365916805136,False,False,0.035799117746861266,True
41,ura3_38,sp|Q9HFX0.1| RecName: Full=Orotidine 5'-phosphate decarboxylase; AltName: Full=OMP decarboxylase; Short=OMPDCase; Short=OMPdecase; AltName: Full=Uridine 5'-monophosphate synthase; Short=UMP synthase [Zygosaccharomyces bailii] >gb|AAG17694.1| orotidine-5'-phosphate decarboxylase [Zygosaccharomyces bailii] >emb|CDF90219.1| ZYBA0S06-03488g1_1 [Zygosaccharomyces bailii CLIB 213] >emb|CDH11557.1| Orotidine 5'-phosphate decarboxylase [Zygosaccharomyces bailii ISA1307],1.10537e-77,ura3,evodiff_msa,constant_residues_2.5,seq_621,/home/bwittmann/GitRepos/MAPR/lab_test/predicted_structures/variants/evodiff_msa;ura3;constant_residues_2.5;seq_621_model_1_ptm_unrelaxed.pdb,MANMTYEDRSAGFLPRIKAAFDKLALKKDTQICLALDVDDTTFIHRLADELGPYVCALKTHVDLLSGCSPDGVIEQLSKIAQRNEFLIIEDRKFADIGNTVRKQLNTGIYNISEWCDIVLVHGLPGPGGLQALKEVAKATGTRTAGAIIVARLSCAGALTTEDYAEGVVKLCKEHPEFLIGYICQERTMKDSHSENWLGRVPGVRSDNEIDNLGQQYRSHEQVVSQGNDIIIVGRGIVAHADDPKAVAELYRQTGWQCYLQRLSPSN,0.4194756554307116,86.2037,0.9746262,0.97462445,7.9544734e-05,2.0164466,2.016809,0.006702074,-8.444481,-8.443798,0.073952936,3,True,1.413163951897015,ura3_38,URA3_D6,1.423,0.01555634918610406,0.044688149023869174,True,False,0.023243976925687217,True
42,ura3_46,ref|XP_066795822.1| Orotidine 5'-phosphate decarboxylase domain-containing protein [Lipomyces doorenjongii] >gb|KAK9492897.1| Orotidine 5'-phosphate decarboxylase domain-containing protein [Lipomyces doorenjongii],5.78375e-37,ura3,evodiff_msa,unrestricted,seq_458,/home/bwittmann/GitRepos/MAPR/lab_test/predicted_structures/variants/evodiff_msa;ura3;unrestricted;seq_458_model_1_ptm_unrelaxed.pdb,MSKKAFYYRVLISTTSILKRLFAIMLSKKSNLCVCCELSDKNFILDLVNSVGKCVVVCKIHVNTINNFDINQTLKILQTLATSNNFIIMEDRIYKDTEDTIFVNMTKSIYQMKDWANFITVCSLTGKEIFDSLFSFNLNFDSRMMGIILGLELSCEGSLMRIYYTYKVAELASSYKSFCAGFITSREVKAKEYGEDGIVYFGGSRKEKGGDTMDTMFKTIKGAILNGCDIIIEGRPVNKSAKNYVDIARNYQSLGFKYYYNKVNNQN,0.2734082397003745,84.776215,0.9629764,0.96297383,9.621449e-05,2.4355948,2.4358926,0.0047263014,-9.8719635,-9.871281,0.073952936,8,True,1.3224819548117694,ura3_46,URA3_D7,1.3525,0.009192388155425047,3.6983061605567744e-06,True,False,-0.024601289446895075,True
43,ura3_58,emb|SCV04999.1| LANO_0G16270g1_1 [Lachancea nothofagi CBS 11611],5.5121e-15,ura3,evodiff_seq,constant_residues_5.0,seq_767,/home/bwittmann/GitRepos/MAPR/lab_test/predicted_structures/variants/evodiff_seq;ura3;constant_residues_5.0;seq_767_model_1_ptm_unrelaxed.pdb,METNSLLISFIESCGVTGQWTPTASTSVFPFPTASLDVRPVLPPLIDMHIEPGQHVLLKTHVDILSTPVSDEGHKGNAHNIISFNGMIFEDRKFADIGNTVKLQGNVDNPYQRLFQPYNNAHLEELVGISDGQHHRKIEVGSLFLVPPVGGELSCKKASGNCFHRVQGRDSQNGTEAADSTLGASRHITSLPLRIRRVDGIWGVGYGDKGDTLGQQYRTYSPISRGDLAAEIVGRGLFAVGGLVMASNRISRGSNRNHASGTRQDRI,0.2808988764044944,61.492363,0.37943223,0.3794293,7.9923906e-05,18.492373,18.492544,0.0036014044,-33.155815,-33.155132,0.073952936,5,True,0.7038880040966516,ura3_58,URA3_D8,1.4245,0.07424621202458748,0.5426970801070319,False,False,0.02426196131659326,True
44,ura3_66,ref|XP_033765792.1| orotidine-5'-phosphate decarboxylase [Saccharomyces paradoxus] >gb|QHS72760.1| Ura3 [Saccharomyces paradoxus],1.21755e-19,ura3,evodiff_seq,constant_residues_5.0,seq_659,/home/bwittmann/GitRepos/MAPR/lab_test/predicted_structures/variants/evodiff_seq;ura3;constant_residues_5.0;seq_659_model_1_ptm_unrelaxed.pdb,MKHRQEGRGRTFYDQGNHRVLVGRSGTYLTQPSASLDVRLLPYCLNFWWYIDTVICLLKTHVDILAITTRQPRIIHRGDRHPKNLVVEFEDRKFADIGNTVKLQRDGRSLGWLCRVTRRNAHVRIRRGIMSGSCVLPDSHIAYRERAVGDDELSCKALLRSSQSRVRNSARTGCCRSRHPHSRDSRWRQRSNKATNLLMRDTGVGVRDKGDPLGQQYRTVDNGERLRVFVPRVGRGLFAPTPENGPNYECPGGICQYEPPSKLMPVI,0.2883895131086142,50.864567,0.38067877,0.38067675,8.1804894e-05,18.769321,18.769531,0.0029187838,-43.783615,-43.78293,0.073952936,0,True,0.6118665969355597,ura3_66,URA3_D9,1.4375,0.009192388155425047,0.08485997165881713,False,False,0.033084492704445245,True
45,ura3_75,gb|AJU49098.1| Ura3p [Saccharomyces cerevisiae YJM1383] >gb|AJU49606.1| Ura3p [Saccharomyces cerevisiae YJM1386] >gb|AJV33042.1| Ura3p [Saccharomyces cerevisiae YJM193] >gb|KZV11722.1| URA3 [Saccharomyces cerevisiae] >emb|CAI4403405.1| BCN_G0014650.mRNA.1.CDS.1 [Saccharomyces cerevisiae],1.39016e-15,ura3,evodiff_seq,constant_residues_5.0,seq_711,/home/bwittmann/GitRepos/MAPR/lab_test/predicted_structures/variants/evodiff_seq;ura3;constant_residues_5.0;seq_711_model_1_ptm_unrelaxed.pdb,MRRIALVGLSFPEGERVLRFYTTTFEPIASEADASLDVRIFSAKDPYIIEGRKASDLLKTHVDILKKQSSPINAISIGSIAFLGQKGSFEDRKFADIGNTVKLQSHFVAALSAVDTEEENAHGKVIYGIRSGEAPEGPRADKTSRVIESVHELSCKLRSCCYSENMVTVIATVVNITCSSSHEVASEMEMIEYVRKQVEREYGVGEGDKGDGLGQQYRTRGVILMKAVSHSSVGRGLFAIAWDKQKLSMDIKSILEGKPVARWEDPD,0.2883895131086142,37.555767,0.37650412,0.3765052,7.781936e-05,19.120506,19.120499,0.0031517223,-57.09241,-57.09173,0.073952936,6,True,0.52552917514192,ura3_75,URA3_D10,1.4104999999999999,0.04596194077712571,0.2782018663631986,False,False,0.014760773668137045,True
46,ura3_83,,,ura3,evodiff_seq,unrestricted,seq_793,/home/bwittmann/GitRepos/MAPR/lab_test/predicted_structures/variants/evodiff_seq;ura3;unrestricted;seq_793_model_1_ptm_unrelaxed.pdb,MVPRFDCQRLIVDSFVNRLPFRASDVIPVHIDERSAPIGQLQDIQALTAILENKRAGRRLSWVLRLPDHDYLYCNHHWADLLAEMREEPVRVKARERFSPEGIRTIRAASKAMVADVLKREGEIDGDYAIERVVFALENVKTPEICVGILQHHRTGSTKEMEFRLVQRLANAGDCIKDYDAGNQRSCTYKRTFDRMTPQIRDHFIEQYGELESTDASPKQRREKARSLLSELGFLPEAGHGEAGDVDDSLEKWLELESPQAGASQLE,0.0711610486891385,52.34929,0.29108047,0.29108417,5.8359117e-05,22.343582,22.34376,0.0035183101,-42.298885,-42.298206,0.073952936,7,True,0.4442139377359061,ura3_83,URA3_D11,1.4375,0.09404520189781083,0.7134953992348805,False,False,0.033084492704445245,False
47,ura3_91,gb|OGT60670.1| MAG: orotidine 5'-phosphate decarboxylase [Gammaproteobacteria bacterium RIFCSPHIGHO2_12_FULL_43_28],0.0192123,ura3,evodiff_seq,constant_residues_2.5,seq_928,/home/bwittmann/GitRepos/MAPR/lab_test/predicted_structures/variants/evodiff_seq;ura3;constant_residues_2.5;seq_928_model_1_ptm_unrelaxed.pdb,MKNCPKIFPATKQLFGGISQDIVRKSKVYDMTVVALDVAGVVGAQASGDAIKQSLKPLKTHVRSLSVMGHGGRLYMPDSANHKDWDERKEDRKFADIGNTVTTFYVGGYTYDNNQAVIIDSGNAIILKYFTDAGICYSETAMYNAVKAAPADLSCIAEVANSDYNCGCDAIDEVRCQGKKIKCNRHDSLEHFAILFATDHVNQNDTHVFYQLGGQQYRASRFNSGRIFMYSQKGRGLKILGLIQTVKKEPAQLMILPKGISIKYASN,0.198501872659176,39.653294,0.26346764,0.26346746,6.5237924e-05,23.850576,23.850403,0.0029257515,-54.99489,-54.9942,0.073952936,2,True,0.3747770043818606,ura3_91,URA3_D12,1.281,0.005656854249492385,4.5087539643803825e-10,True,False,-0.07312521208008145,True
48,ura3_50,ref|XP_056081560.1| orotidine-5'-phosphate decarboxylase [Saccharomyces mikatae IFO 1815] >emb|CAI4038445.1| hypothetical protein SMKI_05G0550 [Saccharomyces mikatae IFO 1815],6.916870000000001e-29,ura3,evodiff_msa,unrestricted,seq_932,/home/bwittmann/GitRepos/MAPR/lab_test/predicted_structures/variants/evodiff_msa;ura3;unrestricted;seq_932_model_1_ptm_unrelaxed.pdb,ISGKSFEERANLAPSAVAKKLFDTMIEKQSNLCIAADVTWASELLKVAEAVGPHIVCLIIMVYMLKVLSVMAAIFKLRENSCKESTLSWRNQALAESGDECGRNSSRINIAMVSWPSAPLPSLSPSRETNLAVSGTEGDEPEKSRGTIANDEIYLEATDTYKRPIQEAEKMAEQYKDFIVRLIAQSRLSYEVKAPGFINMTPGVQLTTAGSMSNTDPQPPLHAVVDGADVIIVGRGIASLNPEVKDVAIEHTRAGWEAYLRQCSEQS,0.2883895131086142,68.08742,0.74509925,0.74510443,9.9334524e-05,13.246629,13.246562,0.002050081,-26.560762,-26.560078,0.073952936,5,True,1.0122153993057137,ura3_50,URA3_E1,1.3555000000000001,0.05586143571373722,0.1704146599435111,False,False,-0.022565320665082985,True
49,ura3_33,emb|SCU98197.1| LAFA_0G16248g1_1 [Lachancea sp. 'fantastica'],2.74301e-71,ura3,evodiff_msa,constant_residues_0.0,seq_395,/home/bwittmann/GitRepos/MAPR/lab_test/predicted_structures/variants/evodiff_msa;ura3;constant_residues_0.0;seq_395_model_1_ptm_unrelaxed.pdb,IPSQTFEERIEGFKHFAVKKLFSLMEQKRSNLCVAADVHSPEELLEFAEKIGPHICILKTHADIVGEWNWQGTGRKLNDIAKQYGLLLFEDRKFADIGNTVKIQYNNGIYEILKWANLRTVHLIGGCTAVEGIKEVATRSSSQKCAILHIAQVSAWNLLYSPRYTKTCMKIAHQHPDFVAGIICQQPLLTNVNEASWIHMTPGVHLVTAGDDRDQQYRTPHEAIMDNCDIIIVGRGIITEHHGIIEAAEKYRKMGWDSYLRKIGRKQ,0.4044943820224719,91.138016,0.98470235,0.9847044,4.4183053e-05,1.4138304,1.4137125,0.0022148602,-3.5101624,-3.5094795,0.073952936,3,True,1.4570147746984718,ura3_33,URA3_E2,1.365,0.019798989873223347,0.004417419597165613,True,False,-0.016118086189345054,True
50,ura3_3,dbj|GHM90110.1| orotidine 5'-phosphate decarboxylase [Saccharomyces cerevisiae] >emb|CAI6461448.1| CMF_HP2_G0014090.mRNA.1.CDS.1 [Saccharomyces cerevisiae] >emb|CAI6470207.1| CMF_HP1_G0014560.mRNA.1.CDS.1 [Saccharomyces cerevisiae] >emb|CAI7265725.1| CMF_collapsed_G0015770.mRNA.1.CDS.1 [Saccharomyces cerevisiae],2.18174e-129,ura3,mpnn,constant_residues_5.0,seq_40,/home/bwittmann/GitRepos/MAPR/lab_test/predicted_structures/variants/mpnn;ura3;constant_residues_5.0;seq_40_model_1_ptm_unrelaxed.pdb,MSKASFAERAKTHPSPVAARLYRLMAEKQSILAASLDVRTTEELLELAEKVGPYIVLLKTHVDILDDYSREKTVAPLLELAEKYGFLIFEDRKFADIGNTVKLQYSGGVFRIAEWADITNAHGVPGPGIVKGIKLAAEEVTDRPRGLLMVAELSCKGTAMRGELRDRTLEVARTDPEFVIGFIAQRAVGGEEEGWDPIVLTPGVGEEDKGDDLGQQYRTIAEAVAAGADIIEVGRGLFANGRDPAEMAARYRDAAWAAYQARCGQQN,0.6816479400749064,94.25056,0.9978041,0.99780095,4.032516e-05,0.5101526,0.51055634,0.0048328456,-0.39762115,-0.39693832,0.073952936,4,True,1.677087801037328,ura3_3,URA3_E3,1.38025,0.03043435558706642,0.001902090150881015,True,False,-0.005768578215134002,True
51,ura3_11,emb|CAD6622128.1| XXYS1_4_G0003340.mRNA.1.CDS.1 [Saccharomyces cerevisiae],2.1395400000000003e-114,ura3,mpnn,constant_residues_2.5,seq_957,/home/bwittmann/GitRepos/MAPR/lab_test/predicted_structures/variants/mpnn;ura3;constant_residues_2.5;seq_957_model_1_ptm_unrelaxed.pdb,MSKATFAERAKTAKSPVLAKLYTLMAEKKTNLAADLDVTTTAELLELAEKVGPYICLLKTHVEILDDFSWETTVKPILELAEKYGFLIFEDRKFADIGNTVYKKYSGGIYKIAAWADITNFLGTPGPGILDGLKAAAKATTDKPRGVLAVASLSCEGTLMVGPLREGTIEVARRDPEFVIGFIAQEAVGGEEEGWDPLVLAPGVHETRTGDDLGQQYRSIDEVVARGADIIEVGRGLFGDGRDPAAMAERYRRAAWEALQKRCGQQN,0.6142322097378277,94.99506,0.99688387,0.99688184,4.269187e-05,0.60765547,0.6079105,0.0042509297,0.34688568,0.3475685,0.073952936,1,True,1.63204197857456,ura3_11,URA3_E4,1.4125,0.04596194077712571,0.2890936377081431,False,False,0.016118086189345206,False
52,ura3_19,emb|CAD6622128.1| XXYS1_4_G0003340.mRNA.1.CDS.1 [Saccharomyces cerevisiae],4.05303e-100,ura3,mpnn,unrestricted,seq_537,/home/bwittmann/GitRepos/MAPR/lab_test/predicted_structures/variants/mpnn;ura3;unrestricted;seq_537_model_1_ptm_unrelaxed.pdb,MSKASFEERSKTHPSPVAAKLYRLMAEKDTNLMADPDVTTTAELLELIEKVGPYICMLKLKPFILDDYSWETTVKPVLELAEKYDFLIFADEVFSHDGSTAYKEYSGGVYKIAEWADITNMLGTPGPGILDGLIAAAKAVTDKPRGVLVVAELPTEGTALVGELRERTLAVARRNREFVIGVIAQRDVGGEEEGWDYVVVTPGVAMERTGDEFGNRYRTIEEVVARGADIIEAGRELFGDGRDPEEMAKRYREAAWNALKKRCGQQN,0.5393258426966292,93.60453,0.99669003,0.9966889,4.104743e-05,0.6296934,0.62981665,0.004117299,-1.0436478,-1.0429649,0.073952936,9,True,1.5678042552556493,ura3_19,URA3_E5,1.4815,0.033234018715767685,0.7161779821378316,False,False,0.06294536817102145,False
53,ura3_39,gb|PIY95553.1| MAG: orotidine-5'-phosphate decarboxylase [Candidatus Kerfeldbacteria bacterium CG_4_10_14_0_8_um_filter_42_10],8.38412e-62,ura3,evodiff_msa,unrestricted,seq_614,/home/bwittmann/GitRepos/MAPR/lab_test/predicted_structures/variants/evodiff_msa;ura3;unrestricted;seq_614_model_1_ptm_unrelaxed.pdb,MSRLSYEQRANHTEAPYASRLIKIIERKQTNLIVSLDYPSTNEVLRLVEEIGPFICAVKLHVDVISDFNAENFDRALKELAVAYEFVLLEDSKYCDIGNTILQHIRKNFLSIRDWANLINVYMLPGKGIIEGIRKLFPPPGETSTAQILVAQMSSSKNLCSENYFKKVLKMAEEYRDMTVGFIGQERLLEKSYDPTMLTMTPGINLQREKGGDGQVYNTPAQALKEGADIIIVGRGIEHNRSELFDYIKKYSDLGLKTYRDRILKSN,0.3408239700374532,90.06858,0.9647116,0.96470517,7.845585e-05,2.4873116,2.487433,0.0040282663,-4.5795975,-4.5789146,0.073952936,8,True,1.4013246115201228,ura3_39,URA3_E6,1.4835,0.037476659402886976,0.7021324009002763,False,False,0.06430268069222946,True
54,ura3_51,dbj|BDT06277.1| orotidine-5'-phosphate decarboxylase Ura3 [Expression vector YHp22601] >dbj|BDT26484.1| orotidine-5'-phosphate decarboxylase Ura3 [Expression vector YHp26352],1.29674e-21,ura3,evodiff_seq,constant_residues_5.0,seq_204,/home/bwittmann/GitRepos/MAPR/lab_test/predicted_structures/variants/evodiff_seq;ura3;constant_residues_5.0;seq_204_model_1_ptm_unrelaxed.pdb,MKVTVTDFTTDLHLAEDIAERGFAILINHEKAKASLDVRPAGLLARVNAALSQSKHLLKTHVDILKICLGNIKTWGLFTTSTGAGEITFEDRKFADIGNTVKLQADATNADLFGFGVAYNAHQQGIEGIPKGQIPTDITEAAKARAAALFKELSCKSTGEDFSESLDAMVEVGVDGIKLISGIGKDVSLTLLDEKGFVFITHGVGGVDKGDELGQQYRTIQEAADAGADSITVGRGLFAADTPGKEMLKLLQSLDPLHTIERALSSV,0.3071161048689138,66.15974,0.58514,0.5851453,0.00011940833,11.702936,11.702977,0.0028187947,-28.48844,-28.487759,0.073952936,5,True,0.8904770087805912,ura3_51,URA3_E7,1.3345,0.044547727214752614,0.08734023551487931,False,False,-0.036817102137767156,True
55,ura3_59,ref|XP_056081560.1| orotidine-5'-phosphate decarboxylase [Saccharomyces mikatae IFO 1815] >emb|CAI4038445.1| hypothetical protein SMKI_05G0550 [Saccharomyces mikatae IFO 1815],6.49272e-15,ura3,evodiff_seq,constant_residues_5.0,seq_751,/home/bwittmann/GitRepos/MAPR/lab_test/predicted_structures/variants/evodiff_seq;ura3;constant_residues_5.0;seq_751_model_1_ptm_unrelaxed.pdb,MNLLGEDRTGMGREVAFFVSHHIFLDDYVASDYASLDVRHTVEEEGENWRHHIVEFLLKTHVDILKVAESPGDDTFRLFAYGFERDELFEDRKFADIGNTVKLQYEQHREYDFIDITLKNAHLDPDTGIFLGDPNRKTWLSLLDHILGSKPELSCKLFGRPTSKWISSYELNYCNTTSQFVFTPASRAVLQGYIRSLYRLFEGVGVPDKGDLLGQQYRTFRELVWCLSANETVGRGLFAVNSVISLLLELYDKFSSLSKKFKAGILL,0.2883895131086142,63.461422,0.26094875,0.26094997,6.2106345e-05,23.630682,23.63065,0.0030574824,-31.186758,-31.186073,0.073952936,5,True,0.6803432284320016,ura3_59,URA3_E8,1.419,0.11596551211459374,0.647029799974598,False,False,0.020529351883271197,True
56,ura3_67,gb|QEU61253.1| Ura3 [Kluyveromyces lactis],1.33482e-15,ura3,evodiff_seq,constant_residues_5.0,seq_242,/home/bwittmann/GitRepos/MAPR/lab_test/predicted_structures/variants/evodiff_seq;ura3;constant_residues_5.0;seq_242_model_1_ptm_unrelaxed.pdb,MDVRREVAWDDLVADLAPSNPFQEQMERLVTICASLDVRVIVREVVPGWVRYAPTRLLKTHVDILIISKNGSTLSPLLSAMRVRLRVTFEDRKFADIGNTVKLQNYLLNKNLRDGVSTMNAHLGSEVGILAGFAEGRGAAPSTRWNLGGNLELSCKLIFAGDKIKLRHLYLKTKQIVRNLFTGTEGNGSLTASETRSCMPLRGVGSMDKGDVLGQQYRTGLLALNGRRYDSTVGRGLFALPRSLRSCWEIWCLACDGNSDTKPGASI,0.2846441947565543,53.39536,0.34585485,0.3458621,7.5167125e-05,21.659756,21.659855,0.003939407,-41.252823,-41.252136,0.073952936,0,True,0.6108225732229071,ura3_67,URA3_E9,1.354,0.02262741699796954,0.007448883801155204,True,False,-0.02358330505598903,True
57,ura3_76,,,ura3,evodiff_seq,constant_residues_0.0,seq_65,/home/bwittmann/GitRepos/MAPR/lab_test/predicted_structures/variants/evodiff_seq;ura3;constant_residues_0.0;seq_65_model_1_ptm_unrelaxed.pdb,MKVCLDPTPSLQNFANAPTEALRISRLISRHTKARLDEIHAGVRRIRSESPPPNSETDKTHRLHQIRAHLQKIQALVIDLSSIPANISYLDRKFADIGNTSDTTASFRSVSALSSSRAPSIALGMPVFVADEAPSIAARAEAYRQQYAQDYEPSTSQFSAPLIRLRATMERSSEQSGDSEIRAWCSKLERQTERTAFKIQLYERKACIRRSESIQRYLNENNNHSARHERLKINRSPLLNKAGTKRGPTLPLFASRFSKLSIARPQQ,0.1423220973782771,57.922623,0.21144737,0.21145087,8.382135e-05,29.567402,29.56703,0.0034992923,-36.725555,-36.724873,0.073952936,7,True,0.5025060717056726,ura3_76,URA3_E10,1.4135,0.027577164466275457,0.11996536459010551,False,False,0.016796742449949133,False
58,ura3_84,,,ura3,evodiff_seq,constant_residues_2.5,seq_29,/home/bwittmann/GitRepos/MAPR/lab_test/predicted_structures/variants/evodiff_seq;ura3;constant_residues_2.5;seq_29_model_1_ptm_unrelaxed.pdb,MSDFREAIVRELEELRLYGLCREAFLAEPNEEPADLDVNTADAPLDTYLDINLRTDQLKTHVPQREDIFKLLDAFKGVFDIFTSYPGEQEDRKFADIGNTVADIIIAALQQPFLPCFGETYLTTSVVHRWNWWYAIESEAQDSFLQRDISTLLSCYSQMIPLPRIGEHLRALEDMVTFARSPNLKLPLYTLIPVEAEKRVYPQQVLTDRWFGGGQQYRQLAGGNREVDQGEEDGRGREEQAFRGGCVNLLKWEAGLRIALVWGAVRL,0.1722846441947565,47.51865,0.29010102,0.29009587,8.1632985e-05,22.952827,22.952744,0.0029874875,-47.12953,-47.128845,0.073952936,2,True,0.4366115619748054,ura3_84,URA3_E11,1.441,0.10323759005323588,0.7624031389297076,False,False,0.0354597896165593,False
59,ura3_92,emb|CDO95120.1| unnamed protein product [Kluyveromyces dobzhanskii CBS 2104],0.00155589,ura3,evodiff_seq,constant_residues_2.5,seq_555,/home/bwittmann/GitRepos/MAPR/lab_test/predicted_structures/variants/evodiff_seq;ura3;constant_residues_2.5;seq_555_model_1_ptm_unrelaxed.pdb,MTSYTLQLYDSAKSRNPVPQIHVVRNEAGEHKVISLDVPEWTPDLEFFIRFPHEDGQLKTHVKINLCPNLEHSCSSFRKLCANEGWIFREDRKFADIGNTVKRQEWIAIEDDLVTLDIRKDAKYSDGTWLYSKDIEWDWEDVVKCAEPTSKLLSCTFYRHTPIDIGTNEKAYPIRLRRLLAESFLGVGFTPTEALTGGRRGDFYFQTTDFPVTGQQYRVVMDTSVYMERVIGFGRGHWAYVKAQREDWFELARLGTLAVFDSGSTDH,0.198501872659176,33.708202,0.30113897,0.30113524,6.6716726e-05,20.842016,20.842112,0.0029721211,-60.939972,-60.939293,0.073952936,6,True,0.3685017748404263,ura3_92,URA3_E12,1.4064999999999999,0.067175144212722,0.3943888212400642,False,False,0.012046148625721027,True
60,ura3_35,emb|SCU99172.1| LADA_0H18008g1_1 [Lachancea dasiensis],1.8767700000000002e-82,ura3,evodiff_msa,constant_residues_5.0,seq_798,/home/bwittmann/GitRepos/MAPR/lab_test/predicted_structures/variants/evodiff_msa;ura3;constant_residues_5.0;seq_798_model_1_ptm_unrelaxed.pdb,KSRMNYSERAKHTENEVAKKIFFLIEQKKTNLCASLDVRNCVDLLHLVEEVGPHVALLKTHVDILEEITPEGWVRNLQHMAQKHFFLIFEDRKFADIGNTVKLQYNKQIYQIVDWADIVNAHGISGPGIVEGLYNTLHANENQGYSLLLLAELSCKNGKDLEINTESIVKMTEEFPNSVVGFISQSRIAQKWPPSAFIQMTPGVGSADKGDNLGQQYRTPTDAIRNDCDLIIVGRGLFATVDKSADFVKEYQLKGWRAFIEKISKQD,0.4719101123595505,87.084724,0.9761225,0.97612804,6.819043e-05,1.9729638,1.972801,0.0062297736,-7.563453,-7.562771,0.073952936,9,True,1.4528716825889485,ura3_35,URA3_F1,1.3995000000000002,0.11525840533340727,0.5449376062175775,False,False,0.00729555480149322,True
61,ura3_23,gb|AJU49098.1| Ura3p [Saccharomyces cerevisiae YJM1383] >gb|AJU49606.1| Ura3p [Saccharomyces cerevisiae YJM1386] >gb|AJV33042.1| Ura3p [Saccharomyces cerevisiae YJM193] >gb|KZV11722.1| URA3 [Saccharomyces cerevisiae] >emb|CAI4403405.1| BCN_G0014650.mRNA.1.CDS.1 [Saccharomyces cerevisiae],2.58012e-97,ura3,evodiff_msa,constant_residues_5.0,seq_79,/home/bwittmann/GitRepos/MAPR/lab_test/predicted_structures/variants/evodiff_msa;ura3;constant_residues_5.0;seq_79_model_1_ptm_unrelaxed.pdb,LAKLPYKDRAELAQNTLSKELFHIMLLKKTNLCASLDVRNITQFKNAVELLGPHICLLKTHVDILDDFNELETCKALKTLAKNHNFLIFEDRKFADIGNTVKLQYKGGLYHIIEWANFVNAHTLPGPGIVEGIKQVVEDGSEGERGILLLAELSCKDNLISGEYTSASLKMAADHGEFVCGFICESEYGAKDPGPSFIHSTPGVGMKDKGDSLGQQYRTPEDVIRNGSDVVIVGRGLFAAVQQFVDKTRQFRETAWQGYLGRCSVSA,0.5243445692883895,89.512886,0.9786673,0.97866887,5.7334975e-05,1.8630021,1.8633709,0.0039916006,-5.1352916,-5.134609,0.073952936,9,True,1.5094181509967497,ura3_23,URA3_F2,1.3755,0.07707463914933367,0.31595412884139745,False,False,-0.008992195453003043,True
62,ura3_4,dbj|GHM90110.1| orotidine 5'-phosphate decarboxylase [Saccharomyces cerevisiae] >emb|CAI6461448.1| CMF_HP2_G0014090.mRNA.1.CDS.1 [Saccharomyces cerevisiae] >emb|CAI6470207.1| CMF_HP1_G0014560.mRNA.1.CDS.1 [Saccharomyces cerevisiae] >emb|CAI7265725.1| CMF_collapsed_G0015770.mRNA.1.CDS.1 [Saccharomyces cerevisiae],6.80163e-132,ura3,mpnn,constant_residues_5.0,seq_649,/home/bwittmann/GitRepos/MAPR/lab_test/predicted_structures/variants/mpnn;ura3;constant_residues_5.0;seq_649_model_1_ptm_unrelaxed.pdb,MSKASFAERSKTHKSPVAAKLYKLMADKQTNLAASLDVRTTEEFLELAEKVGPYICLLKTHVDILDDYSWEKTVKPLLELAEKYGFLLFEDRKFADIGNTVKLQYSGGLYKIAKWADITNAHGTPGPGIIKGIKEAAEAVTDKPRGLLMVAELSCKGTALVGELRERTIEVAKLDPEFVIGFIAQRDVGGEDEGWDYLVLSPGVGEEDKGDDLGQQYRTIDEVVARGADIVDVGRGLFANGRDPAEMAARYRAAAWAALKARCGQQN,0.6816479400749064,94.491165,0.9944822,0.99448156,5.9897826e-05,0.93088615,0.9311909,0.006738324,-0.15701294,-0.15633011,0.073952936,4,True,1.6770162257598245,ura3_4,URA3_F3,1.389,0.10741818592150339,0.23220473790322263,False,False,0.00016966406515105768,True
63,ura3_12,dbj|GHM90110.1| orotidine 5'-phosphate decarboxylase [Saccharomyces cerevisiae] >emb|CAI6461448.1| CMF_HP2_G0014090.mRNA.1.CDS.1 [Saccharomyces cerevisiae] >emb|CAI6470207.1| CMF_HP1_G0014560.mRNA.1.CDS.1 [Saccharomyces cerevisiae] >emb|CAI7265725.1| CMF_collapsed_G0015770.mRNA.1.CDS.1 [Saccharomyces cerevisiae],5.5940400000000005e-118,ura3,mpnn,constant_residues_2.5,seq_898,/home/bwittmann/GitRepos/MAPR/lab_test/predicted_structures/variants/mpnn;ura3;constant_residues_2.5;seq_898_model_1_ptm_unrelaxed.pdb,MSKASFAERSKTHPSPVLSKLYALMAEKKTILAADLDVTTTKELLALAEKVGPHICLLKTHVEILDDYSEETTVKPLLELAEKYGFLIFEDRKFADIGNTVYKKYSGGLYKIAKWADITNMLGVPGPGILKGIKKAAEAVTDKPRGVLVVAELSCEGTLARGELAEGTLAVARQDPEFVIGFIAQRAVGGEAEGFNPLVLTPGVHEELTGDELGQQYRTVAEAVAAGADIINVGRGLFGDGRDPAAMAERYRDAAWAAYQARCGQQN,0.6292134831460674,93.21551,0.99720657,0.9972073,3.3898523e-05,0.57492983,0.57483304,0.0035436633,-1.4326706,-1.4319878,0.073952936,4,True,1.6278185065759327,ura3_12,URA3_F4,1.3815,0.0275771644662753,0.04445278831726909,True,False,-0.004920257889379015,True
64,ura3_20,ref|XP_064761013.1| orotidine-5'-phosphate decarboxylase [Scheffersomyces coipomensis] >gb|KAK6461656.1| orotidine-5'-phosphate decarboxylase [Scheffersomyces coipomensis],3.62664e-96,ura3,mpnn,unrestricted,seq_77,/home/bwittmann/GitRepos/MAPR/lab_test/predicted_structures/variants/mpnn;ura3;unrestricted;seq_77_model_1_ptm_unrelaxed.pdb,MSKASFAERSKTHKSPVAAKLYKLMADKKTNLAADLDVTTTEELLKLVEAVGPYICLLKVKPEILDDYSEETTVKPLLELAKKYDFLIFYDAVFNHDGDTAYKRYSGGIFKIAKWADITNMLGVPGPGILKGIKAAAKDVTDKPRGVLVVAELPTEGTAMRGELREAALAVARQDPEFVIGFIAQSAVGGEAEGWDPIVLTPGVSETLKGDKFGNRYISIEEAVARGADIIEVGRGLFGNGRDPEKMAKEYREKAWKALQKRCGQQN,0.5280898876404494,93.419106,0.99667114,0.9966686,4.5859164e-05,0.62854385,0.6288388,0.0044636554,-1.2290726,-1.2283897,0.073952936,9,True,1.5587972721977916,ura3_20,URA3_F5,1.434,0.039597979746446695,0.3976181759248343,False,False,0.030709195792331192,True
65,ura3_40,gb|OWK74209.1| orotidine 5'-phosphate decarboxylase [Flavobacteriaceae bacterium JJC],1.31009e-61,ura3,evodiff_msa,unrestricted,seq_986,/home/bwittmann/GitRepos/MAPR/lab_test/predicted_structures/variants/evodiff_msa;ura3;unrestricted;seq_986_model_1_ptm_unrelaxed.pdb,MSRLSYEERLLNVTHSAARRLLEIAHSKKSNLIVAVDLTTTEKILEYVNETGSHIAAVKIHIDIIGDFKAEKILECLTRSKDWYNFLILEDRKLADCSSTTVQQLLNGIHNISKWADLVTVHGMSGEDILTGITRINATCDLHCIPCIVVLEMSSSGALTTDDYRENCLKMIELYQDVIVGVICQKIVPKKSDGGNLLKFTPGINFASSEDTRAQHYNTPEIAISRRSDYVIIGRGIYESSKDLEREAFKYKMSCWKAYTKKCSNQQ,0.3146067415730337,90.01693,0.9771526,0.9771484,6.980403e-05,1.8817822,1.8821008,0.0045566102,-4.6312485,-4.6305656,0.073952936,8,True,1.3986238406445344,ura3_40,URA3_F6,1.4425,0.01767766952966378,0.23246501781855172,False,False,0.03647777400746519,True
66,ura3_52,ref|XP_022674242.1| orotidine-5'-phosphate decarboxylase [Kluyveromyces marxianus DMKU3-1042] >sp|P41769.1| RecName: Full=Orotidine 5'-phosphate decarboxylase; AltName: Full=OMP decarboxylase; Short=OMPDCase; Short=OMPdecase; AltName: Full=Uridine 5'-monophosphate synthase; Short=UMP synthase [Kluyveromyces marxianus] >gb|ABB69700.1| orotidine-5'-phosphate decarboxylase [Kluyveromyces marxianus] >gb|AOP17589.1| orotidine-5'-phosphate decarboxylase [Kluyveromyces marxianus] >gb|QGN13471.1| Orotidine 5-phosphate decarboxylase [Kluyveromyces marxianus] >emb|CAA79928.1| URA3 [Kluyveromyces marxianus] >dbj|BAO38353.1| orotidine 5'-phosphate decarboxylase [Kluyveromyces marxianus DMKU3-1042],1.56176e-22,ura3,evodiff_seq,constant_residues_5.0,seq_55,/home/bwittmann/GitRepos/MAPR/lab_test/predicted_structures/variants/evodiff_seq;ura3;constant_residues_5.0;seq_55_model_1_ptm_unrelaxed.pdb,MRSAACSSACVLEGFGQSRKHDVLEGPFFVDVAASLDVRNVGYMLVIKHLGKHSVPLLKTHVDILVKRSLVLLEDLGEVHIYTVRARRFEDRKFADIGNTVKLQEAGLNGATHVEDQSENAHGVNAAGIVDGTPVEIVVEEAEGERDVAVGELSCKFAGLHALRELVEKDLDAGVLCLGLVGGGGASPHEGVQDQTRVPLLGGVGPADKGDGLGQQYRTRPAGIDPGRRLLEVGRGLFAFLGVDGVCRGQDGQGGCGGGAFVVVRVA,0.2846441947565543,62.830334,0.491553,0.49155754,9.121151e-05,15.173811,15.174036,0.0024675436,-31.817846,-31.817162,0.073952936,5,True,0.7838950959463697,ura3_52,URA3_F7,1.3865,0.10818733752154179,0.46841037700701266,False,False,-0.0015269765863589163,True
67,ura3_60,ref|XP_003677638.1| orotidine-5'-phosphate decarboxylase [Naumovozyma castellii] >emb|CCC71286.1| hypothetical protein NCAS_0G03990 [Naumovozyma castellii],3.44554e-22,ura3,evodiff_seq,constant_residues_5.0,seq_567,/home/bwittmann/GitRepos/MAPR/lab_test/predicted_structures/variants/evodiff_seq;ura3;constant_residues_5.0;seq_567_model_1_ptm_unrelaxed.pdb,MHAVLFAASFLPFEYRFVPLNRRVLFTPTGRSIASLDVRTPEKPFRHDKTLSPVEALLKTHVDILFCVDDAEEWFSTFRPELREVKKVFEDRKFADIGNTVKLQAENERSRNWLVETHPNAHVFISGGIGLGLTLAGKPLDWTTAAGNSLVELSCKGDSAEIAQTPDRRPLVDKIYQPVRAKIVNPILENNVEDLKFLLKLDGVGDMDKGDLLGQQYRTESLMAREMSIDVLVGRGLFANWCGKGESKTRLNPEQIRESESRLKQLC,0.3071161048689138,45.164345,0.50604093,0.50603855,0.00014824273,13.395448,13.395348,0.0025854583,-49.483833,-49.48315,0.073952936,0,True,0.6737503741793056,ura3_60,URA3_F8,1.4325,0.11384419177103401,0.7248868535637247,False,False,0.029691211401425298,True
68,ura3_68,ref|XP_056087197.1| orotidine-5'-phosphate decarboxylase [Saccharomyces kudriavzevii IFO 1802] >gb|EJT41855.1| URA3-like protein [Saccharomyces kudriavzevii IFO 1802] >emb|CAI4059903.1| hypothetical protein SKDI_05G0470 [Saccharomyces kudriavzevii IFO 1802],1.43622e-19,ura3,evodiff_seq,constant_residues_5.0,seq_841,/home/bwittmann/GitRepos/MAPR/lab_test/predicted_structures/variants/evodiff_seq;ura3;constant_residues_5.0;seq_841_model_1_ptm_unrelaxed.pdb,MTTAKQRRRHERGVGGRPTVRLVKKLLRLSHVHASLDVRFHQFREDFNDWDKQRRCLLKTHVDILEHSAHVIVLSELDLRERLPLSWIFEDRKFADIGNTVKLQLKMVDRQSRHETCVANAHKRVRTGIGSGGEGPIICKNKHCMEEIKEIELSCKIKLIRCESAISLYRPVKRVESEPLIFLANRIVTHFRATTKFPLFVEGVGGLDKGDALGQQYRTSRYGVLSRKLDDIVGRGLFATGVFSRNSSSVRYEVRVSYARKLGKLRD,0.3033707865168539,52.497,0.26215947,0.26217788,0.0002096939,24.973822,24.973633,0.00378518,-42.151173,-42.150494,0.073952936,0,True,0.5809330414170906,ura3_68,URA3_F9,1.365,0.03535533905932725,0.07176717748609732,False,False,-0.016118086189345054,True
69,ura3_77,gb|MCF8531851.1| methylmalonyl-CoA carboxyltransferase [Reyranella sp.],0.61098,ura3,evodiff_seq,constant_residues_2.5,seq_459,/home/bwittmann/GitRepos/MAPR/lab_test/predicted_structures/variants/evodiff_seq;ura3;constant_residues_2.5;seq_459_model_1_ptm_unrelaxed.pdb,MQSSESKKLFQMRTDGHDLQALLCSLYQPNHLLWQLDVEDLMYSQWLVTALDTEHTRLKTHVKDAEVCLFINVEIVRSHKENTHSSKLPEDRKFADIGNTVEDAFNVRDSDSGKHFALAITQLCLIRRGRSWTWSATDERGRVNEYVETALTLSCEFARCSSANPEVGSVQASRPKDQASTDPAKAQIHEAMFQPRPQSTMGQKRERPIVGHIGQQYRDMHTGKIKGRDWIPKGRGGPKLKGLTAVKSLTSGSGWTVDSCRTVTTTP,0.1910112359550561,50.246254,0.33220214,0.33219457,4.9857117e-05,21.4823,21.482176,0.0027492552,-44.401924,-44.40124,0.073952936,0,True,0.5013357927749416,ura3_77,URA3_F10,1.3105,0.030405591591021647,0.01686635551592911,True,False,-0.05310485239226327,False
70,ura3_85,gb|TVS08297.1| MAG: hypothetical protein EA417_23040 [Gammaproteobacteria bacterium],2.57158,ura3,evodiff_seq,unrestricted,seq_149,/home/bwittmann/GitRepos/MAPR/lab_test/predicted_structures/variants/evodiff_seq;ura3;unrestricted;seq_149_model_1_ptm_unrelaxed.pdb,MVRSISRAGDPDSDWGAMTRDGMRALAFRYRSGAFAASAPLVDVPSADTTEVVTADVSTTVRSNITSPRTLRARRPRWPLLAFGGLVAVLLGLAFFFAFARDKFRIPWHARIVTLWGVHDLGIPFLLIGTLAGVVCGALFDRRLPTSLGRTFPVRARNLVFPVLLLAVASVIAFVAFLRTETHFTSTLVATGLADDTRVSVTSVLRTPGPQEQCRSVSTTGTTTGHDGWLAPKFLAALGLPDPAQDPTDCTAEGVSGSSATGSTGRP,0.0561797752808988,55.553223,0.18684536,0.18684494,4.2215554e-05,32.163013,32.162914,0.0027680548,-39.094955,-39.094273,0.073952936,7,True,0.4346383642882344,ura3_85,URA3_F11,1.3735,0.09121677477306463,0.36472399070710404,False,False,-0.010349507974211053,False
71,ura3_93,ref|WP_149245606.1| orotidine-5'-phosphate decarboxylase [Chryseobacterium sp. SN22] >gb|KAA0130513.1| orotate phosphoribosyltransferase [Chryseobacterium sp. SN22],5.27767,ura3,evodiff_seq,constant_residues_2.5,seq_240,/home/bwittmann/GitRepos/MAPR/lab_test/predicted_structures/variants/evodiff_seq;ura3;constant_residues_2.5;seq_240_model_1_ptm_unrelaxed.pdb,MNHLPQWGYFSHCTLEARKALQTWALPPSHPFVLLLDVSVNTKENDKQQDTGIPALGLKTHVNGQRIFAHMSLQTFLVQTAGVAGRLRGEDRKFADIGNTVHGSLSRDPVRKPPLDGFHPIDHAPRRHYDLVWRQPLLPVLFGQFYYGLPIMLSCVKPSDGLFSHGQSSWSGFATNTGHKQHPSQTTAFINAFLQDSLDDTVTIERERDKELDGQQYRYIRMHFHGNPFDYSEGRGHFRAASGSVTVDRRAISLQPLRPPRREPPSI,0.1835205992509363,43.809174,0.2065921,0.20658374,9.543006e-05,27.22061,27.220472,0.0036110498,-50.839005,-50.83832,0.073952936,2,True,0.3651022883186843,ura3_93,URA3_F12,1.3824999999999998,0.07793587107359488,0.018321525850156704,True,False,-0.004241601628775086,True
72,ura3_36,sp|Q12604.1| RecName: Full=Orotidine 5'-phosphate decarboxylase; AltName: Full=OMP decarboxylase; Short=OMPDCase; Short=OMPdecase; AltName: Full=Uridine 5'-monophosphate synthase; Short=UMP synthase [Magnusiomyces magnusii] >emb|CAA65135.1| orotidine 5' phosphate decarboxylase [Magnusiomyces magnusii],1.56202e-81,ura3,evodiff_msa,constant_residues_2.5,seq_694,/home/bwittmann/GitRepos/MAPR/lab_test/predicted_structures/variants/evodiff_msa;ura3;constant_residues_2.5;seq_694_model_1_ptm_unrelaxed.pdb,ISTMSYEKREALLHNQTARKILEIIELKKTNICVSLDVKTAQEILDIANKVGPYVCMLKTHVDIIEDFSRDFILSKLIKLAKKHNFLILEDRKFADIGNTVVKQFERGVYRIKDWADVVTVNSLTGQGIINFLQYETNSTESNNLCIIILAELSCKENLINTEYTQNALNIAKKNPGLVMGFVGQSKISSKKNTRGVIHMTPGVNFRNGNDNIGQQYRTPETAIKRGADVIVVGRGILTEEEKPVEQVKSYKEKLWRCYEERVNKQC,0.3895131086142322,89.99813,0.98080534,0.9808035,6.196659e-05,1.7251874,1.7254269,0.0047952784,-4.6500473,-4.6493645,0.073952936,3,True,1.435903531587889,ura3_36,URA3_G1,1.3940000000000001,0.024041630560342638,0.03879078990518441,True,False,0.0035629453681711564,True
73,ura3_24,gb|KAK1789115.1| hypothetical protein P4O66_015062 [Electrophorus voltai],4.36393e-95,ura3,evodiff_msa,constant_residues_2.5,seq_190,/home/bwittmann/GitRepos/MAPR/lab_test/predicted_structures/variants/evodiff_msa;ura3;constant_residues_2.5;seq_190_model_1_ptm_unrelaxed.pdb,LSRLSYEERAKLTTNSLAKRLFGLMEDKQSNLCVSLDVGDSQTLLKIAEEVGPHVCALKTHVDILKDFSEEFGRMRLQELARKYSFLIFEDRKFADIGNTVLHQYKGGIYKIATWADLVTAHAISGPGVIEALVEAATGGDGKPRGCLLVAQLSCAGCLTDATYTKATVELSKQYPVFVAGFVSQSTCSSKEPGPAYLQMTPGVHLKSGNDHLGQQYRSPLNAIAQGADIIIVGRGIYNADRNALASAEKYRLLGWETYQQRISQHK,0.4794007490636704,92.20383,0.9841782,0.9841872,6.1978724e-05,1.5891491,1.5893786,0.004635885,-2.4443512,-2.4436684,0.073952936,9,True,1.5087175197705591,ura3_24,URA3_G2,1.401,0.06081118318204298,0.3318630039914185,False,False,0.008313539192399114,True
74,ura3_5,dbj|GFP68107.1| orotidine 5'-phosphate decarboxylase [Saccharomyces cerevisiae] >dbj|GFP73067.1| orotidine 5'-phosphate decarboxylase [Saccharomyces cerevisiae],2.8464400000000003e-130,ura3,mpnn,constant_residues_5.0,seq_462,/home/bwittmann/GitRepos/MAPR/lab_test/predicted_structures/variants/mpnn;ura3;constant_residues_5.0;seq_462_model_1_ptm_unrelaxed.pdb,MSKASFEERSKTAKSPVLAKLYRLMAEKKTNLAASLDVRTTEELLELAEKVGPYICLLKTHVDILDDFSEETTVKPLLELAKKYDFLIFEDRKFADIGNTVKLQYSGGVFKIAKWADITNAHGVPGPGIVKGLKEAAEAVTDKPRGLLMVAELSCKGTLMVGELREGTLEIARQDPEFVIGFIAQEAVGGEEEGWNPLVLAPGVGEEDKGDDLGQQYRTIEEVVARGADIIDVGRGLFANGRDPEEMAKRYREKAWSALQKRCGQQN,0.6779026217228464,93.68131,0.9973204,0.9973231,4.572598e-05,0.5642025,0.56398606,0.0049624136,-0.96686554,-0.9661827,0.073952936,4,True,1.6690458867204612,ura3_5,URA3_G3,1.44175,0.051370387059731876,0.3961028925049284,False,False,0.035968781812012324,True
75,ura3_13,emb|CAH2352566.1| orotidine 5'-phosphate decarboxylase [[Candida] railenensis],3.70329e-111,ura3,mpnn,constant_residues_0.0,seq_637,/home/bwittmann/GitRepos/MAPR/lab_test/predicted_structures/variants/mpnn;ura3;constant_residues_0.0;seq_637_model_1_ptm_unrelaxed.pdb,MSKASFAEKSKTHPSPVAAKLYELMAKKKTNLMADPDVTTTEEFLELVEKVGPYICLLKTHLEILDDFSWETTVKPILELAKKYDFLIFEDRKFADIGNTAYKKYSGGIFKIAKWADITNFLPTPGPGILTGIKKAAKATTDKPRGALVVAELSSEGTALRGELREAGIAVAKQDKEFVIGFIAQRRVGLEEEGWNPVVITPGISEELKGDDLGQRYRTIEEAVARGADIIEVGRELFGNGRDPEEMAKRYRKAAWEALQKRCGQQN,0.5730337078651685,94.362816,0.99575484,0.99575436,5.5717395e-05,0.71262926,0.7125972,0.0048794546,-0.28536224,-0.2846794,0.073952936,1,True,1.596626589100365,ura3_13,URA3_G4,1.371,0.07495331880577395,0.2935164709246308,False,False,-0.012046148625721027,True
76,ura3_21,ref|XP_056081560.1| orotidine-5'-phosphate decarboxylase [Saccharomyces mikatae IFO 1815] >emb|CAI4038445.1| hypothetical protein SMKI_05G0550 [Saccharomyces mikatae IFO 1815],7.472990000000001e-100,ura3,evodiff_msa,constant_residues_5.0,seq_14,/home/bwittmann/GitRepos/MAPR/lab_test/predicted_structures/variants/evodiff_msa;ura3;constant_residues_5.0;seq_14_model_1_ptm_unrelaxed.pdb,MSGLSYEERADINAHANAKKLFEIMIGKQSNLCASLDVRNSEKLLDLAEKIGPHICLLKTHVDILTDLDIAEGAEALKELARKHQFLIFEDRKFADIGNTVKLQYQSGPFHIPEWADIVNAHILPGPGIIDGLKETARQCPLRGRGLLMLAELSCKGNLTDAEYTGATAKVAEEHSDFVIGFISVGEDIAANPNPQFIQMTPGVGLRDKGDDLGQQYRTPEEAISRHADIIIVGRGLFAMAPNPLEAAKRYWEEGWKSYLQHCGNTN,0.5543071161048689,91.94228,0.9810437,0.98104054,5.6348115e-05,1.7983364,1.7986981,0.004771525,-2.7058945,-2.7052116,0.073952936,1,True,1.5525152019705863,ura3_21,URA3_G5,1.4215,0.08131727983645295,0.5520158860710971,False,False,0.02222599253478117,True
77,ura3_41,gb|MFH1426699.1| orotidine-5'-phosphate decarboxylase [Candidatus Kerfeldbacteria bacterium],1.11715e-59,ura3,evodiff_msa,unrestricted,seq_601,/home/bwittmann/GitRepos/MAPR/lab_test/predicted_structures/variants/evodiff_msa;ura3;unrestricted;seq_601_model_1_ptm_unrelaxed.pdb,MEELSYESFNSLVNHPTAKALIDIAYSKKTNIILAADVTDSDDILDLLDNVGPWISALKLHIDLYQDFTLGDLETRIVELANKHNLILFEDRKFDDIGGTVKKQATEGIFKIAAWADFVTIHALPGSNVIQRLGSTAGSVENKHRGILLIAQMSTSDTLIQDNYVKAAYNLAMGNPAAIVGFICQPEADDTSIPQGLIAFTPGVSLGAQTDALGQVFSAPSSAIRMYHDFVSIRRGIYEGADDRLMAAKDYKTKGWEAYTNYVQRQN,0.3183520599250936,90.35693,0.96444017,0.96443903,7.3019226e-05,2.557491,2.557724,0.0038282953,-4.2912445,-4.2905617,0.073952936,8,True,1.394015670793841,ura3_41,URA3_G6,1.439,0.02262741699796954,0.2521112804576987,False,False,0.03410247709535129,True
78,ura3_53,ref|XP_068758460.1| uridine 5'-monophosphate synthase-like [Montipora capricornis],2.61973e-21,ura3,evodiff_msa,unrestricted,seq_554,/home/bwittmann/GitRepos/MAPR/lab_test/predicted_structures/variants/evodiff_msa;ura3;unrestricted;seq_554_model_1_ptm_unrelaxed.pdb,MSQISFEERVANLENVRARNVFQLIREKNSNLCVAAHISSISNIFNLADPGPLINSAPATNIRLLDDLRPRDFLRRLASLKSKYNFVVFDDGKNGDLRDLNDFMERFSKRAADRVADIVTVAPVTGSSAIDGIVITEVGDSTDNTGCLLITEERHENEAGTGLYWNRIYDLGCSNRDIVVGFISQNHENYDFPRSEFIHWTPRIHIVVDNDQMWKFWLSPRGTCRMGCDIFNMSRGQVNGNLTYGGLSSNYDATRSYLYSSLNSNTI,0.2097378277153558,54.714233,0.63720113,0.6371993,0.00011053369,10.979714,10.979761,0.003476161,-39.933945,-39.93326,0.073952936,5,True,0.7784180837083924,ura3_53,URA3_G7,1.38,0.025455844122715576,0.03078673553984791,True,False,-0.00593824228028506,True
79,ura3_61,gb|AGE89246.1| orotidine-5'-phosphate decarboxylase [Schwanniomyces occidentalis] >dbj|BAV32324.1| orotidine-5'-phosphate decarboxylase [Schwanniomyces occidentalis var. occidentalis],1.04976e-14,ura3,evodiff_seq,constant_residues_5.0,seq_167,/home/bwittmann/GitRepos/MAPR/lab_test/predicted_structures/variants/evodiff_seq;ura3;constant_residues_5.0;seq_167_model_1_ptm_unrelaxed.pdb,MTTQNLLSEPGTAYRVGHQDFYMQGIVARSGNEASLDVRGRDEQMREVRSRASEASLLKTHVDILDLDSQMYDYAGKLMDLIEDPEVSFEDRKFADIGNTVKLQLGVIGGDGKGYIAVANAHGTTHVGIDGGTKSGDRDAAITDAIHAVLKELSCKPKPFSEMDAPPAGVSGDSASDSQMNAQLASFAALTYEEALKTLERDGVGKPDKGDSLGQQYRTAILTLLVKKGEHPVGRGLFAGWQKVMTEEDEGRLAWFDSVDAFIQKSN,0.2921348314606741,51.60618,0.45061257,0.4506166,9.204135e-05,20.300892,20.300741,0.0036731358,-43.042004,-43.041317,0.073952936,0,True,0.6650147870149704,ura3_61,URA3_G8,1.411,0.07778174593052013,0.4710739094171149,False,False,0.01510010179843916,True
80,ura3_69,ref|XP_056087197.1| orotidine-5'-phosphate decarboxylase [Saccharomyces kudriavzevii IFO 1802] >gb|EJT41855.1| URA3-like protein [Saccharomyces kudriavzevii IFO 1802] >emb|CAI4059903.1| hypothetical protein SKDI_05G0470 [Saccharomyces kudriavzevii IFO 1802],6.85584e-23,ura3,evodiff_seq,constant_residues_5.0,seq_998,/home/bwittmann/GitRepos/MAPR/lab_test/predicted_structures/variants/evodiff_seq;ura3;constant_residues_5.0;seq_998_model_1_ptm_unrelaxed.pdb,MPELHTSPHDYATYNQLAELVKETTFEYYKDDAASLDVREAMRSLTGVTADPKQLALLKTHVDILREVGADPNTAIIPDFTSRKLGEIFEDRKFADIGNTVKLQLANGYSPVDVALSNENAHIFASKGIITGQNMTDALSGATKPFGLFENELSCKIGPSVNEVVDQAKIAFEIVFGKWVVPYEHLFIKPGDFSEYTVYTREGVGYDDKGDKLGQQYRTEKNIGLARLLVGEVGRGLFAPLLLISSRFDETVLQGRKYAEDYLDQNK,0.2846441947565543,36.39026,0.45524323,0.4552378,0.00010033552,19.822304,19.822502,0.0040247566,-58.25792,-58.257236,0.073952936,6,True,0.5752864741212547,ura3_69,URA3_G9,1.363,0.08768124086713197,0.3208479408253046,False,False,-0.017475398710553064,True
81,ura3_78,,,ura3,evodiff_seq,unrestricted,seq_160,/home/bwittmann/GitRepos/MAPR/lab_test/predicted_structures/variants/evodiff_seq;ura3;unrestricted;seq_160_model_1_ptm_unrelaxed.pdb,MDFLQKSIILIKTALQHYIDLLDEFGNLSPLQALINVLAAIIFAKDLLINALIMMFTGVVGRFMSNRTQTAGTNISLQKNSSPHSDSVDYFQKVKERVIEFITWYILDAIFLAANKSLSRETLMQLIYILHKVELDLRSLLFLQNSILRKKLVTFFLLDYVLHPAVGLYPKLRGMNRIYPYAFFIQFVGVLTWYQYKSYTNLEDEILQDKMKLISLFIALISYGMVTAYKDVTIHDFGNSIMGILLCLHCILICQIITGLKRNRYKH,0.0636704119850187,54.742058,0.32548165,0.3254789,8.5953405e-05,21.485893,21.485775,0.0032818755,-39.90612,-39.905437,0.073952936,7,True,0.4917905920634875,ura3_78,URA3_G10,1.313,0.06788225099390863,0.1584339800005419,False,False,-0.051408211740753294,False
82,ura3_86,,,ura3,evodiff_seq,unrestricted,seq_430,/home/bwittmann/GitRepos/MAPR/lab_test/predicted_structures/variants/evodiff_seq;ura3;unrestricted;seq_430_model_1_ptm_unrelaxed.pdb,MSGDDNTSPAEDTNRLRDQGVVAGMTKQERLSYLTALTPEEQQRLLDAAIAKAKADDAATLARLRDSAARLENEEVALLRQLSPEEAADAYISARGVGIMRALRATPIGTVMPMLFPVVSHSLDEDEGLHLRRQLRVSQLFQRLRDKTYHPYFQELMARFGSIADGMACCYVHGIMEGSTQADAELMSGAPARMTKAFYFEQLGITRELAKHVKNKVVSAYGSVYHYGWEPGPSAVPTTENTVQANVLNAVVGWQKACMKLTRLCGK,0.0524344569288389,55.034195,0.20344318,0.20344852,7.645023e-05,27.706772,27.706799,0.0031991177,-39.613983,-39.6133,0.073952936,7,True,0.432818938335044,ura3_86,URA3_G11,1.4020000000000001,0.053740115370177505,0.2927588512105691,False,False,0.008992195453003194,False
83,ura3_94,gb|MCF6367177.1| orotidine-5'-phosphate decarboxylase [Bacteroidales bacterium],5.95788,ura3,evodiff_seq,constant_residues_2.5,seq_462,/home/bwittmann/GitRepos/MAPR/lab_test/predicted_structures/variants/evodiff_seq;ura3;constant_residues_2.5;seq_462_model_1_ptm_unrelaxed.pdb,MLNGRMSILKSFVEDKDLHVFLFREEKLEKMGPDALDVTVKPSGNFFMKGELKGVIKLKTHVWEECGSPFPFVLSVYFSPDASIFHKLFEDRKFADIGNTVVLAAKGGQGLQALDFAGVFAKPNLLVQARERLAFNSCGLDYESMPIKPSPTLSCMLLNCNPAEDSIAGWLFNSGMTTKETMDAVITVTARKKSHHKKRRELTVVDGFEGPFTGQQYRGSLQTKGGTAYQLNMGRGYSSLINTVDFAITGTLFLWVTVSAFVIFKVV,0.1722846441947565,36.944984,0.28061044,0.28061095,4.7182904e-05,22.187733,22.187786,0.002803942,-57.703194,-57.70251,0.073952936,2,True,0.3449930653502169,ura3_94,URA3_G12,1.3867,0.08084010280932491,0.014385014511931358,True,False,-0.0013912453342381304,True
84,ura3_37,"emb|CAH0719549.1| unnamed protein product, partial [Brenthis ino]",3.8292699999999995e-65,ura3,evodiff_msa,unrestricted,seq_717,/home/bwittmann/GitRepos/MAPR/lab_test/predicted_structures/variants/evodiff_msa;ura3;unrestricted;seq_717_model_1_ptm_unrelaxed.pdb,VKKLSYEEHAELIKHELAKKVFTILQGKKTNLCLSLDVPTSKDFKELLEEIGAHISLIKTHCDIVKGYYSASFFKTLIKLQDKYKFIVLEDRKFADIGNAVRSQYSSGVHKISSWADLVICQALPTHSVMEGMKKTADDLSYPTLGAFLVAEMSSTRFLGKQSHTVSAVQMATEYPDCVVGFIAQSPVSANEPEDSFIQMTPGIRLESGRDNESTIYTPVDEAIKRGADIVIVGRGILEGSSSKLAEAERLRNLAWNAYLQRCSAQQ,0.3820224719101123,89.1852,0.9792859,0.9792856,6.83008e-05,1.7969333,1.7966721,0.0049882377,-5.462974,-5.4622917,0.073952936,3,True,1.4235028020748517,ura3_37,URA3_H1,1.319,0.06222539674441624,0.14508342934459154,False,False,-0.04733627417712927,True
85,ura3_25,gb|MDF2691546.1| pyrF [Gammaproteobacteria bacterium],1.2592e-94,ura3,evodiff_msa,constant_residues_2.5,seq_505,/home/bwittmann/GitRepos/MAPR/lab_test/predicted_structures/variants/evodiff_msa;ura3;constant_residues_2.5;seq_505_model_1_ptm_unrelaxed.pdb,VSKLSYNDRAKIATNPVAKRLFEIMAQKQSNLCLSLDVASHEKILQVADELGPYICILKTHVDILEDFTPEDQAKKLNDLAKKHNFLIIEDRKFADIGNTVQMQYRQGLFRILDWSSLITAHGISGPGIIDSLKKAGLGERNKNRGLLLLAQLSCESNLTTTSYRRACIEMAKKYPDFVAGFICQNAKLPNECDPGWIQLTPGVQIESSNDKMGQQYRTPDQVISRGADIIIVGRGILTKAKDPVSAARVYQDIGWEAYLGRLLPQA,0.4831460674157303,91.34127,0.97919536,0.9791932,6.675821e-05,1.9027077,1.9026413,0.007429287,-3.3069077,-3.3062248,0.073952936,9,True,1.499709267476074,ura3_25,URA3_H2,1.388,0.0028284271247461927,8.104276469155231e-05,True,False,-0.0005089921954530224,False
86,ura3_6,ref|XP_056081560.1| orotidine-5'-phosphate decarboxylase [Saccharomyces mikatae IFO 1815] >emb|CAI4038445.1| hypothetical protein SMKI_05G0550 [Saccharomyces mikatae IFO 1815],8.17956e-128,ura3,mpnn,constant_residues_5.0,seq_493,/home/bwittmann/GitRepos/MAPR/lab_test/predicted_structures/variants/mpnn;ura3;constant_residues_5.0;seq_493_model_1_ptm_unrelaxed.pdb,MSKASFAERAKTAKSPVLAKLYTLMAEKQTNLAASLDVRTTKELLALAEKVGPHICLLKTHVDILDDFSWETTVKPLLELAKKHGFLIFEDRKFADIGNTVKLQYSGGIYKIAKWADITNAHGVPGPGIVKGLREAAKAVTDKPRGLLMVAELSCKGTAMVGELRERTLEVATLDPEFVIGFIAQRAVGLEERGWDPLVLTPGVGEVDKGDDLGQQYRTIEEAVAAGADVIEVGRGLFANGRDPAAEAARYRDAAWRAYQARCGQQN,0.6704119850187266,94.2039,0.99754834,0.9975508,3.4118682e-05,0.5391359,0.5389184,0.0037791436,-0.4442749,-0.44359207,0.073952936,4,True,1.6677671482682463,ura3_6,URA3_H3,1.3735000000000002,0.10425769356103498,0.16084166186242904,False,False,-0.010349507974210902,True
87,ura3_14,emb|CAH2352566.1| orotidine 5'-phosphate decarboxylase [[Candida] railenensis],3.68309e-105,ura3,mpnn,unrestricted,seq_470,/home/bwittmann/GitRepos/MAPR/lab_test/predicted_structures/variants/mpnn;ura3;unrestricted;seq_470_model_1_ptm_unrelaxed.pdb,MSKASFAERAKTHPSPVASKLYKLMAEKKTNLMADLDVTTTEELLELVEKVGPYICMLKVKLYILDDYSWETTVKPLLELAEKYGFLIFEDAVFAHRGDVAYKEYSGGIYKIAEWADITNMLGVPGPGILKGLKKAAEAVTDKPRGILVVAELPTEGTAYVGELRERTLEVARLDPEFVIGFIAQRAVGGEAEGWDPLVITPGVAEELKGDDLGNRYRSIEEAVAAGADVILVGRELFGNGRDPEEMAKRYREAAWKALEARCGQQN,0.5692883895131086,93.92135,0.99337983,0.9933785,5.8378326e-05,1.0131099,1.0129561,0.0065609002,-0.7268295,-0.7261467,0.073952936,1,True,1.5885490533602749,ura3_14,URA3_H4,1.4405000000000001,0.11950104602052641,0.7889545664793953,False,False,0.03512046148625734,True
88,ura3_22,ref|XP_056081560.1| orotidine-5'-phosphate decarboxylase [Saccharomyces mikatae IFO 1815] >emb|CAI4038445.1| hypothetical protein SMKI_05G0550 [Saccharomyces mikatae IFO 1815],1.0811800000000001e-106,ura3,evodiff_msa,constant_residues_5.0,seq_726,/home/bwittmann/GitRepos/MAPR/lab_test/predicted_structures/variants/evodiff_msa;ura3;constant_residues_5.0;seq_726_model_1_ptm_unrelaxed.pdb,MSGGSYEQRAATSKNPLSKRLFLIMEQKQSNLCASLDVRTVQELLEIADQLGPHICLLKTHVDILEDFTPDFGSQYLKELAQRHNFLIFEDRKFADIGNTVKLQYRSGTYCIADWADIVNAHCISGSGIVDGLKDTCKDQGSQGRGLLLLAELSCKNNLAHGDYTQQALEIAKANSDFCVGFICTSPLAAAPTSPAFVNVTPGVGLVDKGDALGQQYRTPDSIIERGADIIIVGRGLFAPAQTAAEAVLEHRSAGWEAYRQRCSEQS,0.5655430711610487,90.28251,0.9776555,0.97765446,5.8405876e-05,1.8989692,1.8991628,0.0037678825,-4.3656693,-4.3649864,0.073952936,1,True,1.5435436273477217,ura3_22,URA3_H5,1.434,0.03676955262170051,0.3691717644977478,False,False,0.030709195792331192,True
89,ura3_42,ref|XP_051619975.1| URA3 [Candida jiufengensis] >gb|KAI5953233.1| URA3 [Candida jiufengensis],2.3022699999999998e-66,ura3,evodiff_msa,unrestricted,seq_144,/home/bwittmann/GitRepos/MAPR/lab_test/predicted_structures/variants/evodiff_msa;ura3;unrestricted;seq_144_model_1_ptm_unrelaxed.pdb,MATLSYGQRYKLASLPMASKLLQIMESKQSNLCVAADITSVDEILQLSEKLGHSICVLKTHVDIIEDFSWTGMVVEIAYLARNHDFLLFQDRKFSDIGNTVLKKYHGATYQIREWADIVTAHSLYGEEALETLVDTVEERSFSCLPLAIIVDMTRRDTWYTDEYSTGAEAVALKTDHILKKLICRISDLPGDCGVSYFIVTPGVNLTATTDDLGQKYTNPKEAINKGADIILVGSGICTEAKDPVTAAIQYKQAGWEAYLDRINQSA,0.3820224719101123,86.47527,0.9560597,0.9560573,7.587561e-05,2.8141096,2.8140917,0.0033311946,-8.172905,-8.172222,0.073952936,3,True,1.381691684598045,ura3_42,URA3_H6,1.4985,0.03606244584051387,0.4425456776028027,False,False,0.07448252460128946,True
90,ura3_54,emb|CAI4944458.1| CFC_HP_G0059700.mRNA.1.CDS.1 [Saccharomyces cerevisiae] >emb|CAI4951621.1| CFC_HP_G0064940.mRNA.1.CDS.1 [Saccharomyces cerevisiae] >emb|CAI6565978.1| CFC_HP_G0059700.mRNA.1.CDS.1 [Saccharomyces cerevisiae] >emb|CAI6614320.1| CFC_HP_G0064940.mRNA.1.CDS.1 [Saccharomyces cerevisiae] >emb|CAI7253598.1| CFC_collapsed_G0014350.mRNA.1.CDS.1 [Saccharomyces cerevisiae],1.81687e-20,ura3,evodiff_seq,constant_residues_5.0,seq_383,/home/bwittmann/GitRepos/MAPR/lab_test/predicted_structures/variants/evodiff_seq;ura3;constant_residues_5.0;seq_383_model_1_ptm_unrelaxed.pdb,MRAKALIALTAAALGACAAPSPEGMEPSSSAPAASLDVRATAVGRELSDLERGMVTLLKTHVDILRSRTCASVLAGPVWAGLAKGYYIFEDRKFADIGNTVKLQETAKSAMEIVTRDAVNAHARRQIGIVAGLTGGYDTARYHEEGGSARVELSCKGQTTVDGVADGATYEFGLSGNYAGPPAPTRRGYAVSVSVTIDPRQVGVGEEDKGDKLGQQYRTPVGGTVSTRVKIAVGRGLFATTLYDMAVPVEIDLDVPEIPDSRRRATS,0.3071161048689138,55.863297,0.5253762,0.5253744,0.000117447904,16.452906,16.453001,0.0032540036,-38.78488,-38.7842,0.073952936,5,True,0.7609043112964619,ura3_54,URA3_H7,1.3445,0.030405591591021647,0.029231519590392285,True,False,-0.030030539531727112,False
91,ura3_62,emb|CAI5072685.1| CRE_HP_G0117940.mRNA.1.CDS.1 [Saccharomyces cerevisiae] >emb|CAI5157952.1| CRE_HP_G0145160.mRNA.1.CDS.1 [Saccharomyces cerevisiae] >emb|CAI6964968.1| CRE_HP_G0117940.mRNA.1.CDS.1 [Saccharomyces cerevisiae] >emb|CAI6993079.1| CRE_HP_G0145160.mRNA.1.CDS.1 [Saccharomyces cerevisiae],1.05522e-14,ura3,evodiff_seq,constant_residues_5.0,seq_372,/home/bwittmann/GitRepos/MAPR/lab_test/predicted_structures/variants/evodiff_seq;ura3;constant_residues_5.0;seq_372_model_1_ptm_unrelaxed.pdb,MRPSIFILFIFLPLFANASCNVAPIEIAERLEHASLDVRDECIQIQENAENLTVEDLLKTHVDILAKSNAQSVARLRAAKSRRRKRPSFEDRKFADIGNTVKLQNIDGIEARNLTSVQWNAHGYQLSGIDEGVVKYTGSWLAGLPGTRVVVELSCKPIEVDKKRFYRGDLKGPHAIHRGHVKISIHYLVVKNLGYVRFGTPRGVGNPDKGDELGQQYRTYLLSELKQLKDRGVGRGLFALPLPAPEVAGQRPTKAVLARQEWINRER,0.2808988764044944,59.210754,0.30401996,0.30401707,7.54296e-05,19.979748,19.979933,0.0030388962,-35.437424,-35.43674,0.073952936,0,True,0.6445796203198073,ura3_62,URA3_H8,1.3635,0.0657609306503489,0.23361396649071015,False,False,-0.0171360705802511,False
92,ura3_70,emb|SCU99172.1| LADA_0H18008g1_1 [Lachancea dasiensis],1.18522e-19,ura3,evodiff_seq,constant_residues_5.0,seq_114,/home/bwittmann/GitRepos/MAPR/lab_test/predicted_structures/variants/evodiff_seq;ura3;constant_residues_5.0;seq_114_model_1_ptm_unrelaxed.pdb,MPQMFAVRSNPSILSGKEAADILARLARGAGAPASLDVRRDQLSHFKVVTDGEMVSLLKTHVDILNRFGVDVEAAIHELVAAGTWASDFEDRKFADIGNTVKLQLQDEAGRLQLDVAGLNAHGHFLHGIRKGQPGAKGMLGFRAALDEFFAELSCKAAGWQQVVEVVRRDRDAGNGKGTAIYLDYAGNPASGANGFLTSSLEGVGRTDKGDSLGQQYRTQLTGEPGDQDAYEVGRGLFAGGRDTIAVRFTGAAEQPSGAQLGGSRWA,0.2958801498127341,44.38075,0.36951897,0.3695175,7.75111e-05,19.472057,19.47228,0.003631531,-50.267433,-50.266747,0.073952936,0,True,0.5645768355197479,ura3_70,URA3_H9,1.4755,0.03181980515339459,0.8505780030214801,False,False,0.05887343060739742,True
93,ura3_79,emb|CDO95120.1| unnamed protein product [Kluyveromyces dobzhanskii CBS 2104],3.87467e-25,ura3,evodiff_seq,constant_residues_5.0,seq_40,/home/bwittmann/GitRepos/MAPR/lab_test/predicted_structures/variants/evodiff_seq;ura3;constant_residues_5.0;seq_40_model_1_ptm_unrelaxed.pdb,MPPLALRVEYANAINRATQHSTYTMSLDKDKLLASLDVRTLQICDTLKSAEGLYKSLLKTHVDILVKLVETGEFPSMLDIAALTSDVTFEDRKFADIGNTVKLQTKVKDKLSHETFHVINAHVTLPSGILRGIKPDGKAFNARDKDTIPSTELSCKVDVVNGRVITVARTIETRSMVGSLKDDKEWVRSPLLDPLTQVLATSGVGFDDKGDTLGQQYRTGVLAGIKDGDRFSVGRGLFAGMHSKNLAKVGRADVVKEILEGSDLIHK,0.3033707865168539,38.706104,0.26993707,0.26994085,0.00010327099,22.045454,22.045164,0.004273202,-55.942074,-55.94139,0.073952936,6,True,0.4840955614042344,ura3_79,URA3_H10,1.423,0.10040916292848968,0.6287251910087948,False,False,0.023243976925687217,True
94,ura3_87,gb|AJU50614.1| Ura3p [Saccharomyces cerevisiae YJM1399] >emb|CAI4403622.1| CPI_1c_G0014250.mRNA.1.CDS.1 [Saccharomyces cerevisiae] >emb|CAI4414414.1| BBM_1a_G0014170.mRNA.1.CDS.1 [Saccharomyces cerevisiae] >emb|CAI4416540.1| ADE_G0014090.mRNA.1.CDS.1 [Saccharomyces cerevisiae] >emb|CAI4418990.1| CDN_1a_G0014280.mRNA.1.CDS.1 [Saccharomyces cerevisiae],1.32878e-11,ura3,evodiff_seq,constant_residues_5.0,seq_247,/home/bwittmann/GitRepos/MAPR/lab_test/predicted_structures/variants/evodiff_seq;ura3;constant_residues_5.0;seq_247_model_1_ptm_unrelaxed.pdb,MNITPRSFVVKVFVVAEGRGVKRQRVIADSINPASLDVRMERATIIDDRQCIRTAELLKTHVDILLLGEILLQRPIESIGDWIYERYGFEDRKFADIGNTVKLQGVLFFDRFEYRFGNVNAHVNFIVGITHGLVKSRHCSVNLVGYNILISELSCKPATYDMLLARWFARPERVDIDSLLSGAFGATVAHICRVGRVLRGWGGVGEGDKGDGLGQQYRTLDGDFLVVWSGKDVGRGLFALEGTGEGGSVDFGSFEVGDSRAETMFGF,0.2659176029962546,32.91959,0.29192472,0.29192746,5.7050413e-05,22.3054,22.305145,0.003492367,-61.728584,-61.727905,0.073952936,6,True,0.4304638782564841,ura3_87,URA3_H11,1.412,0.12020815280171318,0.6195180018287821,False,False,0.01577875805904309,False
95,ura3_95,,,ura3,evodiff_seq,constant_residues_0.0,seq_111,/home/bwittmann/GitRepos/MAPR/lab_test/predicted_structures/variants/evodiff_seq;ura3;constant_residues_0.0;seq_111_model_1_ptm_unrelaxed.pdb,MRKYIAQYCDFSKILCAALLLLSPSCEKLVTEIKRLDDGKLTFTINFTKMVQYKTFDLKTHETLQPKQITPSGYAFEHLGHGSVDVSFVIDRKFADIGNTASLLVTAEIPAKYVLLNAGDLPDRRVLVVPVNSRLLALTEDARYSNTVYLFAQSESRLKLSVPHDLSHIEAGTRIKIEPRLFVADNIRRYFSCSMDPGNRIFASFLQNHYLADRQFYLTGTANTATQLDITFTPRQNLAEKMYKFIPTALDNEHPVLLPSTHVYRKK,0.1573033707865168,36.342625,0.27809548,0.27809638,6.0926763e-05,21.745928,21.745823,0.0031019144,-58.305557,-58.30487,0.073952936,2,True,0.3269300748182615,ura3_95,URA3_H12,1.3725,0.006363961030678855,1.3554629561320233e-05,True,False,-0.011028164234814982,False
96,ura3_96,gb|KAK3171566.1| hypothetical protein OEA41_003650 [Lepraria neglecta],0.0555266,ura3,evodiff_seq,constant_residues_2.5,seq_988,/home/bwittmann/GitRepos/MAPR/lab_test/predicted_structures/variants/evodiff_seq;ura3;constant_residues_2.5;seq_988_model_1_ptm_unrelaxed.pdb,MTYQGKEPGQRYNGCTVAQCERCSGHFTDDGVAYLLDVKRLYDTVVGFLESEAMETRLKTHVSPDGVTRASDELITQGSACLSTGHKRQEDRKFADIGNTVYGVAALTGAVARTFNGGETDDYCRWTFPEVVPCSAATEKMRVRQRFTLDICLSCHFYAELDVLKRDHPVTTTSSASDAFRQCLIEHGVRARGAVVFVGNHPLCEIEVQRTRRGQQYRPHRFAVCRGAPARDDGRGIPYPRVDTHLHRSAPRAKVTQSGRPETPTIP,0.1647940074906367,39.316628,0.22267483,0.22267833,5.8690202e-05,25.925865,25.925613,0.003378968,-55.331554,-55.330868,0.073952936,2,True,0.3169561955471709,ura3_96,URA3_P2-A1,1.3435000000000001,0.08525452089674387,0.05163758660269633,False,False,-0.030709195792331043,False
97,ura3_97,,,ura3,evodiff_seq,constant_residues_0.0,seq_119,/home/bwittmann/GitRepos/MAPR/lab_test/predicted_structures/variants/evodiff_seq;ura3;constant_residues_0.0;seq_119_model_1_ptm_unrelaxed.pdb,MNVNKTKLEKIVYGYTGSELEVDLNRNGIANHCTSVDQCAGGHIPVDDPMQLLIDNYIKTHETYIILTAGTRDFCPDGLKSESIKQLHIYDRKFADIGNTLNRFILKRSGRCITFVDTINKRFGTGTGRNFKQTYYKSWLVEIENILNREAMTSTGLLFVIRSINKYKRIGSWGDELQIQYALVDTNKGELRRLFIDSCIEIKNIGDLNFFIDSQKYLKERGEKEYNFVEKPLFRILRIMKYVVVSPQCRRHFYKRTLNQMKKIMGE,0.146067415730337,30.279776,0.30146784,0.30146772,7.2575705e-05,21.930874,21.930677,0.003875594,-64.3684,-64.36772,0.073952936,2,True,0.3127536995636378,ura3_97,URA3_P2-B1,1.43075,0.08137720811136248,0.42477187975901703,False,False,0.028503562945368197,False
98,ura3_98,,,ura3,evodiff_seq,constant_residues_0.0,seq_42,/home/bwittmann/GitRepos/MAPR/lab_test/predicted_structures/variants/evodiff_seq;ura3;constant_residues_0.0;seq_42_model_1_ptm_unrelaxed.pdb,MKLYLRPTKKGSALPKVYFKTSAQFTQLKKEKLSISDLSTKQATLVANWDSEDFLLFNKTHPEVKDLNDYLDYVVLPKEVFYEAADKAQTDRKFADIGNTVFNKFNDDALGLIVRTSLFFNLPHPDKHYQRQLENIIGSGTQLQPRLLHEPTDSGNFNAKVDLGRLYKVSLEYIAGDSRRAQTLHVILRQKSNLTTFNFGQFFGQTYDKEGRVFQHYNPHVGYMFEIDSCKDMLREYRIDPMEFKSKQDRVRNKITNFYKWEKWNIK,0.1423220973782771,37.044117,0.2541586,0.2541599,7.051646e-05,24.73836,24.73819,0.0031364122,-57.60406,-57.60338,0.073952936,2,True,0.3015198839047193,ura3_98,URA3_P2-C1,1.42325,0.07746988662269573,0.32968116132879216,False,False,0.023413640990838123,False
99,ura3_99,ref|XP_031549189.1| UHRF1-binding protein 1-like isoform X2 [Actinia tenebrosa],0.0491333,ura3,evodiff_seq,constant_residues_0.0,seq_16,/home/bwittmann/GitRepos/MAPR/lab_test/predicted_structures/variants/evodiff_seq;ura3;constant_residues_0.0;seq_16_model_1_ptm_unrelaxed.pdb,MTNSSEVETMSGEEVEIPVMDLKDQETRRLNELSWPDCPLMGENGDGCFVIFRHWKTKKTHHSCTVPESCIVKCGPIWMGVSKFTLHDAVDRKFADIGNTFNDVAYHVDQRRPTAFVINIYNSSPEQKRAKFNKRPSRDKVHPNETTTPPDYYSFVEGNSSDSRNFCPRFLRDFENTCSDGTYGNPMGTVKHWETVVQGLDVPKVNSKECRPSLQSYVERCWVRMLSLMFCSPYRKPRRYHNVPPYAYGEPGSNPLSPVRRCPRKRE,0.1161048689138576,34.751648,0.25084385,0.2508455,5.9238693e-05,24.688835,24.68851,0.0034392853,-59.89653,-59.895847,0.073952936,2,True,0.2645163806634198,ura3_99,URA3_P2-D1,1.36625,0.09872647399085346,0.12363145181594076,False,False,-0.015269765863590067,False
